,Course,TermName,ClassAveLetter,SubjectCode,URL,Instructor
6265,MATH111,W2017,A-,MATH,https://www.mcgill.ca/study/2016-2017/courses/math-111,"Fox, Thomas F"
6266,MATH111,W2021,A-,MATH,https://www.mcgill.ca/study/2020-2021/courses/math-111,"Causley, Broderick"
6267,MATH112,F2011,B-,MATH,https://www.mcgill.ca/study/2011-2012/courses/math-112,"Froehlich, Sara"
6268,MATH112,F2012,B-,MATH,https://www.mcgill.ca/study/2012-2013/courses/math-112,"El Hajj, Layan"
6269,MATH122,F2013,B-,MATH,https://www.mcgill.ca/study/2013-2014/courses/math-122,"Trudeau, Sidney; Chen, Yu-Ting"
6270,MATH122,F2014,C+,MATH,https://www.mcgill.ca/study/2014-2015/courses/math-122,"Anderson, William J; Trudeau, Sidney"
6271,MATH122,F2015,B-,MATH,https://www.mcgill.ca/study/2015-2016/courses/math-122,"Elmasri, Mohamad; Trudeau, Sidney"
6272,MATH122,W2016,B-,MATH,https://www.mcgill.ca/study/2015-2016/courses/math-122,"Novytska, Yuliya"
6273,MATH122,F2016,B-,MATH,https://www.mcgill.ca/study/2016-2017/courses/math-122,"Trudeau, Sidney; Liu, Zheng"
6274,MATH122,F2017,B-,MATH,https://www.mcgill.ca/study/2017-2018/courses/math-122,"Sektnan, Lars"
6275,MATH122,F2018,B-,MATH,https://www.mcgill.ca/study/2018-2019/courses/math-122,"Trudeau, Sidney"
6276,MATH122,F2019,B-,MATH,https://www.mcgill.ca/study/2019-2020/courses/math-122,"Trudeau, Sidney"
6277,MATH122,F2020,A,MATH,https://www.mcgill.ca/study/2020-2021/courses/math-122,"Fortier, Jérôme"
6278,MATH122,F2021,B,MATH,https://www.mcgill.ca/study/2021-2022/courses/math-122,"Duchesne, Gabriel William"
6279,MATH122,F2022,A-,MATH,https://www.mcgill.ca/study/2022-2023/courses/math-122,"Abi Younes, Elio"
6280,MATH122,F2023,B+,MATH,https://www.mcgill.ca/study/2023-2024/courses/math-122,"Hedicke, Jakob"
6281,MATH123,W2014,B+,MATH,https://www.mcgill.ca/study/2013-2014/courses/math-123,"Trudeau, Sidney; Anderson, William J"
6282,MATH123,W2015,B+,MATH,https://www.mcgill.ca/study/2014-2015/courses/math-123,"Trudeau, Sidney"
6283,MATH123,W2016,B+,MATH,https://www.mcgill.ca/study/2015-2016/courses/math-123,"Trudeau, Sidney"
6284,MATH123,W2017,B+,MATH,https://www.mcgill.ca/study/2016-2017/courses/math-123,"Trudeau, Sidney; Nagel, Matthias"
6285,MATH123,W2018,A-,MATH,https://www.mcgill.ca/study/2017-2018/courses/math-123,"Trudeau, Sidney"
6286,MATH123,W2019,A-,MATH,https://www.mcgill.ca/study/2018-2019/courses/math-123,"Shokoohi, Farhad"
6287,MATH123,F2019,B,MATH,https://www.mcgill.ca/study/2019-2020/courses/math-123,"Frieden, Gabriel Michael; Trudeau, Sidney"
6288,MATH123,F2020,B+,MATH,https://www.mcgill.ca/study/2020-2021/courses/math-123,"Beckman, Erin"
6289,MATH123,W2021,A-,MATH,https://www.mcgill.ca/study/2020-2021/courses/math-123,"Trudeau, Sidney"
6290,MATH123,F2021,B+,MATH,https://www.mcgill.ca/study/2021-2022/courses/math-123,"Hughes, Thomas James"
6291,MATH123,W2022,B+,MATH,https://www.mcgill.ca/study/2021-2022/courses/math-123,"Abdenbi, Brahim"
6292,MATH123,F2022,B+,MATH,https://www.mcgill.ca/study/2022-2023/courses/math-123,"Macdonald, Jeremy"
6293,MATH123,W2023,B,MATH,https://www.mcgill.ca/study/2022-2023/courses/math-123,"Martine, Gabriel"
6294,MATH123,F2023,A-,MATH,https://www.mcgill.ca/study/2023-2024/courses/math-123,"Keeler, Blake"
6295,MATH123,W2024,A-,MATH,https://www.mcgill.ca/study/2023-2024/courses/math-123,"Sabbagh, Magid"
6296,MATH133,F2012,B-,MATH,https://www.mcgill.ca/study/2012-2013/courses/math-133,"Cormier, Eric; Kelome, Djivede; Anderson, William J; Bailey, Michael"
6297,MATH133,W2013,B,MATH,https://www.mcgill.ca/study/2012-2013/courses/math-133,"Anderson, William J; Candelori, Luca"
6298,MATH133,F2013,C+,MATH,https://www.mcgill.ca/study/2013-2014/courses/math-133,"Brakocevic, Miljan; Kelome, Djivede; Bailey, Michael; Anderson, William J"
6299,MATH133,W2014,C+,MATH,https://www.mcgill.ca/study/2013-2014/courses/math-133,"Banks, Jessica; Trudeau, Sidney"
6300,MATH133,S2014,B,MATH,https://www.mcgill.ca/study/2013-2014/courses/math-133,"Novytska, Yuliya"
6301,MATH133,F2014,B-,MATH,https://www.mcgill.ca/study/2014-2015/courses/math-133,"Cornwell, Christopher; Kelome, Djivede; Trudeau, Sidney; Brandenbursky, Michael"
6302,MATH133,W2015,B-,MATH,https://www.mcgill.ca/study/2014-2015/courses/math-133,"Kelome, Djivede; Trudeau, Sidney"
6303,MATH133,S2015,B,MATH,https://www.mcgill.ca/study/2014-2015/courses/math-133,"Elias, Yara"
6304,MATH133,F2015,B-,MATH,https://www.mcgill.ca/study/2015-2016/courses/math-133,"Disegni, Daniel; Kelome, Djivede; Baratin, Aristide; Anderson, William J"
6305,MATH133,W2016,B-,MATH,https://www.mcgill.ca/study/2015-2016/courses/math-133,"Novytska, Yuliya; Kelome, Djivede"
6306,MATH133,S2016,B-,MATH,https://www.mcgill.ca/study/2015-2016/courses/math-133,"Baratin, Aristide"
6307,MATH133,F2016,B,MATH,https://www.mcgill.ca/study/2016-2017/courses/math-133,"Kelome, Djivede; Huang, Jingyin; Sharma, Amit; Aleyasin, Seyed Ali; Aryan, Farzad"
6308,MATH133,W2017,B,MATH,https://www.mcgill.ca/study/2016-2017/courses/math-133,"Kelome, Djivede"
6309,MATH133,S2017,B,MATH,https://www.mcgill.ca/study/2016-2017/courses/math-133,"Baratin, Aristide"
6310,MATH133,F2017,B-,MATH,https://www.mcgill.ca/study/2017-2018/courses/math-133,"Kelome, Djivede; Dolce, Francesco; Qiu, Guohuan; Sharma, Amit"
6311,MATH133,W2018,B+,MATH,https://www.mcgill.ca/study/2017-2018/courses/math-133,"Wang, Haining"
6312,MATH133,S2018,B,MATH,https://www.mcgill.ca/study/2017-2018/courses/math-133,"Patrias, Rebecca"
6313,MATH133,F2018,B,MATH,https://www.mcgill.ca/study/2018-2019/courses/math-133,"Fortier, Jerome; Shen, Liangming; Pequignot, Yann Batiste; Osajda, Damian"
6314,MATH133,W2019,B-,MATH,https://www.mcgill.ca/study/2018-2019/courses/math-133,"Fortier, Jerome"
6315,MATH133,S2019,B,MATH,https://www.mcgill.ca/study/2018-2019/courses/math-133,"Patrias, Rebecca"
6316,MATH133,F2019,B+,MATH,https://www.mcgill.ca/study/2019-2020/courses/math-133,"Bélanger-Rioux, Rosalie; Omar, Zayd; Albanese, Michael"
6317,MATH133,S2020,A-,MATH,https://www.mcgill.ca/study/2019-2020/courses/math-133,"Sicca Gonçalves, Vladmir"
6318,MATH133,F2020,A-,MATH,https://www.mcgill.ca/study/2020-2021/courses/math-133,"Bélanger-Rioux, Rosalie; Ball, Gavin; Aigner, Florian; Przytycki, Piotr"
6319,MATH133,W2021,A-,MATH,https://www.mcgill.ca/study/2020-2021/courses/math-133,"Kelome, Djivede"
6320,MATH133,S2021,B,MATH,https://www.mcgill.ca/study/2020-2021/courses/math-133,"Munro, Zachary"
6321,MATH133,F2021,B+,MATH,https://www.mcgill.ca/study/2021-2022/courses/math-133,"Bélanger-Rioux, Rosalie; Bibby, Sean; Chinis, Jake; Li, Wanlin; Alfieri, Antonio"
6322,MATH133,W2022,B,MATH,https://www.mcgill.ca/study/2021-2022/courses/math-133,"Fortier, Jérôme"
6323,MATH133,S2022,B-,MATH,https://www.mcgill.ca/study/2021-2022/courses/math-133,"Leroux-Lapierre, Alexis"
6324,MATH133,F2022,B+,MATH,https://www.mcgill.ca/study/2022-2023/courses/math-133,"Bélanger-Rioux, Rosalie; Mazakian, Hovsep; Gerbelli-Gauthier, Mathilde; Alfieri, Antonio"
6325,MATH133,W2023,B-,MATH,https://www.mcgill.ca/study/2022-2023/courses/math-133,"Duchesne, Gabriel William"
6326,MATH133,S2023,C+,MATH,https://www.mcgill.ca/study/2022-2023/courses/math-133,"Leroux-Lapierre, Alexis"
6327,MATH133,F2023,B-,MATH,https://www.mcgill.ca/study/2023-2024/courses/math-133,"Trudeau, Sidney; Collins-Woodfin, Elizabeth; Branchereau, Romain"
6328,MATH133,W2024,B,MATH,https://www.mcgill.ca/study/2023-2024/courses/math-133,"Gerbelli-Gauthier, Mathilde"
6329,MATH133,S2024,B+,MATH,https://www.mcgill.ca/study/2023-2024/courses/math-133,"Bellemare, Hugues"
6330,MATH139,F2013,B-,MATH,https://www.mcgill.ca/study/2013-2014/courses/math-139,"Chen, Linan"
6331,MATH139,F2014,B+,MATH,https://www.mcgill.ca/study/2014-2015/courses/math-139,"Chen, Linan"
6332,MATH139,F2015,B+,MATH,https://www.mcgill.ca/study/2015-2016/courses/math-139,"Chen, Linan"
6333,MATH139,F2016,B-,MATH,https://www.mcgill.ca/study/2016-2017/courses/math-139,"Froehlich, Sara"
6334,MATH139,F2017,B+,MATH,https://www.mcgill.ca/study/2017-2018/courses/math-139,"Mehrabian, Abbas"
6335,MATH139,F2018,B+,MATH,https://www.mcgill.ca/study/2018-2019/courses/math-139,"Sektnan, Lars; Trudeau, Sidney"
6336,MATH139,F2019,C+,MATH,https://www.mcgill.ca/study/2019-2020/courses/math-139,"Nica, Bogdan; Trudeau, Sidney"
6337,MATH139,F2020,A-,MATH,https://www.mcgill.ca/study/2020-2021/courses/math-139,"Bibby, Sean; Trudeau, Sidney; Lumley, Allysa; Negrini, Isabella"
6338,MATH139,F2021,B-,MATH,https://www.mcgill.ca/study/2021-2022/courses/math-139,"Sicca Gonçalves, Vladmir"
6339,MATH139,F2022,B,MATH,https://www.mcgill.ca/study/2022-2023/courses/math-139,"Sabbagh, Magid"
6340,MATH139,F2023,B,MATH,https://www.mcgill.ca/study/2023-2024/courses/math-139,"Scarpa, Carlo"
6341,MATH140,F2012,B,MATH,https://www.mcgill.ca/study/2012-2013/courses/math-140,"Trudeau, Sidney; Drury, Stephen W; Fox, Thomas F"
6342,MATH140,W2013,B-,MATH,https://www.mcgill.ca/study/2012-2013/courses/math-140,"Topaloglu, Ihsan"
6343,MATH140,F2013,B,MATH,https://www.mcgill.ca/study/2013-2014/courses/math-140,"Hundemer, Axel W; Disegni, Daniel"
6344,MATH140,W2014,B-,MATH,https://www.mcgill.ca/study/2013-2014/courses/math-140,"Drury, Stephen W"
6345,MATH140,F2014,B+,MATH,https://www.mcgill.ca/study/2014-2015/courses/math-140,"Hundemer, Axel W; Drury, Stephen W; Conlon, Ronan"
6346,MATH140,W2015,B-,MATH,https://www.mcgill.ca/study/2014-2015/courses/math-140,"Aleyasin, Seyed Ali"
6347,MATH140,F2015,B,MATH,https://www.mcgill.ca/study/2015-2016/courses/math-140,"Hundemer, Axel W; Hu, Ying; Wallace, Michael"
6348,MATH140,W2016,B,MATH,https://www.mcgill.ca/study/2015-2016/courses/math-140,"Vonk, Jan"
6349,MATH140,S2016,B,MATH,https://www.mcgill.ca/study/2015-2016/courses/math-140,"Jakobson, Dmitry"
6350,MATH140,F2016,B-,MATH,https://www.mcgill.ca/study/2016-2017/courses/math-140,"Trudeau, Sidney; Jankiewicz, Katarzyna; Hu, Ying"
6351,MATH140,W2017,B-,MATH,https://www.mcgill.ca/study/2016-2017/courses/math-140,"Orson, Patrick"
6352,MATH140,F2017,B,MATH,https://www.mcgill.ca/study/2017-2018/courses/math-140,"Trudeau, Sidney; Meng, xianchang; Hu, Ying"
6353,MATH140,W2018,B,MATH,https://www.mcgill.ca/study/2017-2018/courses/math-140,"Sektnan, Lars"
6354,MATH140,S2018,B-,MATH,https://www.mcgill.ca/study/2017-2018/courses/math-140,"Abdenbi, Brahim"
6355,MATH140,F2018,B,MATH,https://www.mcgill.ca/study/2018-2019/courses/math-140,"Trudeau, Sidney; Fortier, Jerome; Patrias, Rebecca"
6356,MATH140,W2019,B,MATH,https://www.mcgill.ca/study/2018-2019/courses/math-140,"Garver, Alexander"
6357,MATH140,S2019,B-,MATH,https://www.mcgill.ca/study/2018-2019/courses/math-140,"Zenz, Peter"
6358,MATH140,F2019,B,MATH,https://www.mcgill.ca/study/2019-2020/courses/math-140,"Trudeau, Sidney; Negrini, Isabella; Walker, Aled"
6359,MATH140,S2020,B+,MATH,https://www.mcgill.ca/study/2019-2020/courses/math-140,"Zenz, Peter"
6360,MATH140,F2020,A-,MATH,https://www.mcgill.ca/study/2020-2021/courses/math-140,"Trudeau, Sidney; Ghaswala, Tyrone; Albanese, Michael"
6361,MATH140,W2021,B+,MATH,https://www.mcgill.ca/study/2020-2021/courses/math-140,"Fortier, Jérôme"
6362,MATH140,S2021,A-,MATH,https://www.mcgill.ca/study/2020-2021/courses/math-140,"Chen, Linan"
6363,MATH140,F2021,B,MATH,https://www.mcgill.ca/study/2021-2022/courses/math-140,"Trudeau, Sidney; Nazari Zahraei Motlagh, Erfan; Sabbagh, Magid"
6364,MATH140,W2022,C,MATH,https://www.mcgill.ca/study/2021-2022/courses/math-140,"Kelome, Djivede"
6365,MATH140,S2022,B-,MATH,https://www.mcgill.ca/study/2021-2022/courses/math-140,"Abdenbi, Brahim"
6366,MATH140,F2022,B-,MATH,https://www.mcgill.ca/study/2022-2023/courses/math-140,"Trudeau, Sidney; Huang, Peiyuan; Mellick, Sam"
6367,MATH140,W2023,B,MATH,https://www.mcgill.ca/study/2022-2023/courses/math-140,"Collins-Woodfin, Elizabeth"
6368,MATH140,S2023,B,MATH,https://www.mcgill.ca/study/2022-2023/courses/math-140,"Lybbert, Reginald"
6369,MATH140,F2023,B-,MATH,https://www.mcgill.ca/study/2023-2024/courses/math-140,"Fortier, Jérôme; Cant, Dylan; Fu, Hao"
6370,MATH140,W2024,C+,MATH,https://www.mcgill.ca/study/2023-2024/courses/math-140,"Fortier, Jérôme"
6371,MATH140,S2024,B,MATH,https://www.mcgill.ca/study/2023-2024/courses/math-140,"Sajjad, Alia"
6372,MATH141,W2013,B-,MATH,https://www.mcgill.ca/study/2012-2013/courses/math-141,"Fox, Thomas F; Drury, Stephen W; Trudeau, Sidney"
6373,MATH141,S2013,B-,MATH,https://www.mcgill.ca/study/2012-2013/courses/math-141,"Bigdely, Hadi; Diaconescu, Oxana"
6374,MATH141,F2013,B-,MATH,https://www.mcgill.ca/study/2013-2014/courses/math-141,"Topaloglu, Ihsan"
6375,MATH141,W2014,B,MATH,https://www.mcgill.ca/study/2013-2014/courses/math-141,"Brandenbursky, Michael; Hundemer, Axel W; Conlon, Ronan"
6376,MATH141,S2014,B-,MATH,https://www.mcgill.ca/study/2013-2014/courses/math-141,"Candelori, Luca; Brandenbursky, Michael"
6377,MATH141,F2014,B,MATH,https://www.mcgill.ca/study/2014-2015/courses/math-141,"Fox, Thomas F"
6378,MATH141,W2015,B+,MATH,https://www.mcgill.ca/study/2014-2015/courses/math-141,"Haug, Luis; Hundemer, Axel W; Conlon, Ronan"
6379,MATH141,S2015,B,MATH,https://www.mcgill.ca/study/2014-2015/courses/math-141,"Zwicker, Justine; Ehlen, Stephan"
6380,MATH141,F2015,B,MATH,https://www.mcgill.ca/study/2015-2016/courses/math-141,"Pang, Chung Yin Amy"
6381,MATH141,W2016,B,MATH,https://www.mcgill.ca/study/2015-2016/courses/math-141,"Shokoohi, Farhad; Hundemer, Axel W; Barsheshat, Yariv"
6382,MATH141,S2016,B-,MATH,https://www.mcgill.ca/study/2015-2016/courses/math-141,"Al Balushi, Ibrahim; McGillivray, Annaliza"
6383,MATH141,F2016,B,MATH,https://www.mcgill.ca/study/2016-2017/courses/math-141,"Sektnan, Lars"
6384,MATH141,W2017,B-,MATH,https://www.mcgill.ca/study/2016-2017/courses/math-141,"Gobin, Damien; Trudeau, Sidney; Sektnan, Lars"
6385,MATH141,S2017,C+,MATH,https://www.mcgill.ca/study/2016-2017/courses/math-141,"Nica, Bogdan Lucian; Al Balushi, Ibrahim"
6386,MATH141,F2017,B,MATH,https://www.mcgill.ca/study/2017-2018/courses/math-141,"Gobin, Damien"
6387,MATH141,W2018,B,MATH,https://www.mcgill.ca/study/2017-2018/courses/math-141,"Trudeau, Sidney; Gaster, Jonah; Fox, Thomas F"
6388,MATH141,S2018,C+,MATH,https://www.mcgill.ca/study/2017-2018/courses/math-141,"Nica, Bogdan Lucian; Causley, Broderick"
6389,MATH141,F2018,B,MATH,https://www.mcgill.ca/study/2018-2019/courses/math-141,"Perret-Gentil-dit-Maillard, Corentin; Gaster, Jonah"
6390,MATH141,W2019,B,MATH,https://www.mcgill.ca/study/2018-2019/courses/math-141,"Trudeau, Sidney; Fortier, Jerome; Fox, Thomas F"
6391,MATH141,S2019,B-,MATH,https://www.mcgill.ca/study/2018-2019/courses/math-141,"Nica, Bogdan; Xu, Peter"
6392,MATH141,F2019,B-,MATH,https://www.mcgill.ca/study/2019-2020/courses/math-141,"Haris, Asad; Trudeau, Sidney; Abdenbi, Brahim"
6393,MATH141,S2020,B+,MATH,https://www.mcgill.ca/study/2019-2020/courses/math-141,"Abdenbi, Brahim; Chinis, Iakovos"
6394,MATH141,F2020,A-,MATH,https://www.mcgill.ca/study/2020-2021/courses/math-141,"Fortier, Jérôme; Sabok, Marcin"
6395,MATH141,W2021,A-,MATH,https://www.mcgill.ca/study/2020-2021/courses/math-141,"Trudeau, Sidney; Albanese, Michael; Ghaswala, Tyrone"
6396,MATH141,S2021,B+,MATH,https://www.mcgill.ca/study/2020-2021/courses/math-141,"Abdenbi, Brahim; Zenz, Peter"
6397,MATH141,F2021,B-,MATH,https://www.mcgill.ca/study/2021-2022/courses/math-141,"Macdonald, Jeremy; Albanese, Michael"
6398,MATH141,W2022,B-,MATH,https://www.mcgill.ca/study/2021-2022/courses/math-141,"Bibby, Sean; Fortier, Jérôme; Cavallo, Alberto"
6399,MATH141,S2022,C+,MATH,https://www.mcgill.ca/study/2021-2022/courses/math-141,"Sabbagh, Magid; Barill, Gavin"
6400,MATH141,F2022,B,MATH,https://www.mcgill.ca/study/2022-2023/courses/math-141,"Macdonald, Jeremy; Xu, Peter"
6401,MATH141,W2023,B,MATH,https://www.mcgill.ca/study/2022-2023/courses/math-141,"Trudeau, Sidney; Barill, Gavin; Mazakian, Hovsep"
6402,MATH141,S2023,B+,MATH,https://www.mcgill.ca/study/2022-2023/courses/math-141,"Abi Younes, Elio; Hassan, Hazem"
6403,MATH141,F2023,B,MATH,https://www.mcgill.ca/study/2023-2024/courses/math-141,"Sroka, Marcin; Cairns, Hannah"
6404,MATH141,W2024,B,MATH,https://www.mcgill.ca/study/2023-2024/courses/math-141,"Trudeau, Sidney; Macdonald, Jeremy; Mazakian, Hovsep"
6405,MATH141,S2024,C+,MATH,https://www.mcgill.ca/study/2023-2024/courses/math-141,"Mazakian, Hovsep; Abi Younes, Elio"
6406,MATH150,F2012,B,MATH,https://www.mcgill.ca/study/2012-2013/courses/math-150,"Roth, Charles"
6407,MATH150,F2014,B,MATH,https://www.mcgill.ca/study/2014-2015/courses/math-150,"Roth, Charles"
6408,MATH150,F2015,B+,MATH,https://www.mcgill.ca/study/2015-2016/courses/math-150,"Roth, Charles"
6409,MATH150,F2016,B,MATH,https://www.mcgill.ca/study/2016-2017/courses/math-150,"Roth, Charles"
6410,MATH150,F2017,A-,MATH,https://www.mcgill.ca/study/2017-2018/courses/math-150,"Roth, Charles"
6411,MATH150,F2018,B-,MATH,https://www.mcgill.ca/study/2018-2019/courses/math-150,"Roth, Charles"
6412,MATH150,F2019,B+,MATH,https://www.mcgill.ca/study/2019-2020/courses/math-150,"Roth, Charles"
6413,MATH150,F2020,A-,MATH,https://www.mcgill.ca/study/2020-2021/courses/math-150,"Roth, Charles"
6414,MATH150,F2021,B,MATH,https://www.mcgill.ca/study/2021-2022/courses/math-150,"Roth, Charles"
6415,MATH150,F2022,B+,MATH,https://www.mcgill.ca/study/2022-2023/courses/math-150,"Roth, Charles"
6416,MATH150,F2023,B,MATH,https://www.mcgill.ca/study/2023-2024/courses/math-150,"Roth, Charles"
6417,MATH151,W2013,C+,MATH,https://www.mcgill.ca/study/2012-2013/courses/math-151,"Roth, Charles"
6418,MATH151,W2015,B+,MATH,https://www.mcgill.ca/study/2014-2015/courses/math-151,"Roth, Charles"
6419,MATH151,W2016,B,MATH,https://www.mcgill.ca/study/2015-2016/courses/math-151,"Roth, Charles"
6420,MATH151,W2017,B,MATH,https://www.mcgill.ca/study/2016-2017/courses/math-151,"Roth, Charles"
6421,MATH151,W2018,B+,MATH,https://www.mcgill.ca/study/2017-2018/courses/math-151,"Roth, Charles"
6422,MATH151,W2019,B,MATH,https://www.mcgill.ca/study/2018-2019/courses/math-151,"Roth, Charles"
6423,MATH151,W2021,B+,MATH,https://www.mcgill.ca/study/2020-2021/courses/math-151,"Roth, Charles"
6424,MATH151,W2023,B,MATH,https://www.mcgill.ca/study/2022-2023/courses/math-151,"Roth, Charles"
6425,MATH151,W2024,B,MATH,https://www.mcgill.ca/study/2023-2024/courses/math-151,"Roth, Charles"
6426,MATH180,F2013,A-,MATH,https://www.mcgill.ca/study/2013-2014/courses/math-180,"Trudeau, Sidney"
6427,MATH180,F2014,A,MATH,https://www.mcgill.ca/study/2014-2015/courses/math-180,"Trudeau, Sidney"
6428,MATH180,F2016,A,MATH,https://www.mcgill.ca/study/2016-2017/courses/math-180,"Trudeau, Sidney"
6429,MATH180,F2017,A-,MATH,https://www.mcgill.ca/study/2017-2018/courses/math-180,"Trudeau, Sidney"
6430,MATH180,F2018,A-,MATH,https://www.mcgill.ca/study/2018-2019/courses/math-180,"Trudeau, Sidney"
6431,MATH180,F2019,A-,MATH,https://www.mcgill.ca/study/2019-2020/courses/math-180,"Trudeau, Sidney"
6432,MATH180,F2020,A,MATH,https://www.mcgill.ca/study/2020-2021/courses/math-180,"Trudeau, Sidney"
6433,MATH180,F2021,A,MATH,https://www.mcgill.ca/study/2021-2022/courses/math-180,"Trudeau, Sidney"
6434,MATH180,F2022,A,MATH,https://www.mcgill.ca/study/2022-2023/courses/math-180,"Trudeau, Sidney"
6435,MATH180,F2023,A,MATH,https://www.mcgill.ca/study/2023-2024/courses/math-180,"Trudeau, Sidney"
6436,MATH203,S2013,B+,MATH,https://www.mcgill.ca/study/2012-2013/courses/math-203,"Harel, Daphna"
6437,MATH203,F2013,A-,MATH,https://www.mcgill.ca/study/2013-2014/courses/math-203,"Harel, Daphna; Genest, Christian"
6438,MATH203,S2014,B+,MATH,https://www.mcgill.ca/study/2013-2014/courses/math-203,"Correa, Jose Andres"
6439,MATH203,F2014,B+,MATH,https://www.mcgill.ca/study/2014-2015/courses/math-203,"Best, Ana; Wolfson, David B"
6440,MATH203,W2015,B+,MATH,https://www.mcgill.ca/study/2014-2015/courses/math-203,"Correa, Jose Andres"
6441,MATH203,F2015,B+,MATH,https://www.mcgill.ca/study/2015-2016/courses/math-203,"Khalili Mahmoudabadi, Abbas; Wolfson, David B"
6442,MATH203,W2016,A-,MATH,https://www.mcgill.ca/study/2015-2016/courses/math-203,"Yang, Yi"
6443,MATH203,F2016,B+,MATH,https://www.mcgill.ca/study/2016-2017/courses/math-203,"Steele, Russell; Schulz, Juliana"
6444,MATH203,W2017,A-,MATH,https://www.mcgill.ca/study/2016-2017/courses/math-203,"Yang, Yi"
6445,MATH203,S2017,A-,MATH,https://www.mcgill.ca/study/2016-2017/courses/math-203,"Correa, Jose Andres"
6446,MATH203,F2017,B+,MATH,https://www.mcgill.ca/study/2017-2018/courses/math-203,"Khalili Mahmoudabadi, Abbas; Wolfson, David B"
6447,MATH203,W2018,A-,MATH,https://www.mcgill.ca/study/2017-2018/courses/math-203,"Correa, Jose Andres"
6448,MATH203,S2018,A-,MATH,https://www.mcgill.ca/study/2017-2018/courses/math-203,"Correa, Jose Andres"
6449,MATH203,F2018,B+,MATH,https://www.mcgill.ca/study/2018-2019/courses/math-203,"Wolfson, David B; Khalili Mahmoudabadi, Abbas"
6450,MATH203,W2019,B,MATH,https://www.mcgill.ca/study/2018-2019/courses/math-203,"Wolfson, David B"
6451,MATH203,S2019,A-,MATH,https://www.mcgill.ca/study/2018-2019/courses/math-203,"Correa, Jose Andres"
6452,MATH203,F2019,A-,MATH,https://www.mcgill.ca/study/2019-2020/courses/math-203,"Khalili Mahmoudabadi, Abbas; Wolfson, David B"
6453,MATH203,S2020,A,MATH,https://www.mcgill.ca/study/2019-2020/courses/math-203,"Correa, Jose Andres"
6454,MATH203,F2020,A,MATH,https://www.mcgill.ca/study/2020-2021/courses/math-203,"Correa, Jose Andres; Sajjad, Alia"
6455,MATH203,W2021,A,MATH,https://www.mcgill.ca/study/2020-2021/courses/math-203,"Sajjad, Alia"
6456,MATH203,S2021,A-,MATH,https://www.mcgill.ca/study/2020-2021/courses/math-203,"Sajjad, Alia"
6457,MATH203,F2021,A-,MATH,https://www.mcgill.ca/study/2021-2022/courses/math-203,"Correa, Jose Andres; Sajjad, Alia"
6458,MATH203,W2022,A-,MATH,https://www.mcgill.ca/study/2021-2022/courses/math-203,"Correa, Jose Andres"
6459,MATH203,S2022,A-,MATH,https://www.mcgill.ca/study/2021-2022/courses/math-203,"Sajjad, Alia"
6460,MATH203,F2022,A,MATH,https://www.mcgill.ca/study/2022-2023/courses/math-203,"Sajjad, Alia; Kreitewolf, Jens"
6461,MATH203,W2023,A,MATH,https://www.mcgill.ca/study/2022-2023/courses/math-203,"Nadarajah, Tharshanna"
6462,MATH203,S2023,A,MATH,https://www.mcgill.ca/study/2022-2023/courses/math-203,"Sajjad, Alia"
6463,MATH203,F2023,A,MATH,https://www.mcgill.ca/study/2023-2024/courses/math-203,"Kreitewolf, Jens; Russell, Oliver"
6464,MATH203,W2024,A,MATH,https://www.mcgill.ca/study/2023-2024/courses/math-203,"Sajjad, Alia"
6465,MATH203,S2024,A-,MATH,https://www.mcgill.ca/study/2023-2024/courses/math-203,"Nadarajah, Tharshanna"
6466,MATH204,W2015,B+,MATH,https://www.mcgill.ca/study/2014-2015/courses/math-204,"Wallace, Michael"
6467,MATH204,W2016,B+,MATH,https://www.mcgill.ca/study/2015-2016/courses/math-204,"Wallace, Michael"
6468,MATH204,W2017,B+,MATH,https://www.mcgill.ca/study/2016-2017/courses/math-204,"Correa, Jose Andres"
6469,MATH204,W2018,B+,MATH,https://www.mcgill.ca/study/2017-2018/courses/math-204,"Steele, Russell"
6470,MATH204,W2019,B+,MATH,https://www.mcgill.ca/study/2018-2019/courses/math-204,"Genest, Christian"
6471,MATH204,W2021,A-,MATH,https://www.mcgill.ca/study/2020-2021/courses/math-204,"Genest, Christian"
6472,MATH204,W2022,A,MATH,https://www.mcgill.ca/study/2021-2022/courses/math-204,"Genest, Christian"
6473,MATH204,W2023,A-,MATH,https://www.mcgill.ca/study/2022-2023/courses/math-204,"Correa, Jose Andres"
6474,MATH204,W2024,B+,MATH,https://www.mcgill.ca/study/2023-2024/courses/math-204,"Nadarajah, Tharshanna"
6475,MATH208,F2019,A-,MATH,https://www.mcgill.ca/study/2019-2020/courses/math-208,"Steele, Russell"
6476,MATH208,F2020,A,MATH,https://www.mcgill.ca/study/2020-2021/courses/math-208,"Steele, Russell"
6477,MATH208,F2021,A,MATH,https://www.mcgill.ca/study/2021-2022/courses/math-208,"Steele, Russell"
6478,MATH208,F2022,A,MATH,https://www.mcgill.ca/study/2022-2023/courses/math-208,"Steele, Russell"
6479,MATH208,F2023,B+,MATH,https://www.mcgill.ca/study/2023-2024/courses/math-208,"Lee, Kiwon"
6480,MATH222,F2013,B+,MATH,https://www.mcgill.ca/study/2013-2014/courses/math-222,"Grieve, Nathan; L Kassaei, Payman"
6481,MATH222,W2014,B+,MATH,https://www.mcgill.ca/study/2013-2014/courses/math-222,"Jakobson, Dmitry"
6482,MATH222,F2014,C+,MATH,https://www.mcgill.ca/study/2014-2015/courses/math-222,"Brandenbursky, Michael; Xu, Jian-Jun"
6483,MATH222,F2015,B-,MATH,https://www.mcgill.ca/study/2015-2016/courses/math-222,"Drury, Stephen W; Huang, Jingyin"
6484,MATH222,W2016,B-,MATH,https://www.mcgill.ca/study/2015-2016/courses/math-222,"Drury, Stephen W"
6485,MATH222,S2016,B,MATH,https://www.mcgill.ca/study/2015-2016/courses/math-222,"McGregor, Geoffrey"
6486,MATH222,F2016,B-,MATH,https://www.mcgill.ca/study/2016-2017/courses/math-222,"Drury, Stephen W; Fox, Thomas F"
6487,MATH222,W2017,B-,MATH,https://www.mcgill.ca/study/2016-2017/courses/math-222,"Garver, Alexander"
6488,MATH222,S2017,B+,MATH,https://www.mcgill.ca/study/2016-2017/courses/math-222,"McGregor, Geoffrey"
6489,MATH222,F2017,B,MATH,https://www.mcgill.ca/study/2017-2018/courses/math-222,"Drury, Stephen W; Laaksonen, Niko"
6490,MATH222,W2018,B-,MATH,https://www.mcgill.ca/study/2017-2018/courses/math-222,"Drury, Stephen W"
6491,MATH222,S2018,B+,MATH,https://www.mcgill.ca/study/2017-2018/courses/math-222,"Al Balushi, Ibrahim"
6492,MATH222,F2018,C+,MATH,https://www.mcgill.ca/study/2018-2019/courses/math-222,"Macdonald, Jeremy; Faifman, Dmitry"
6493,MATH222,W2019,B,MATH,https://www.mcgill.ca/study/2018-2019/courses/math-222,"Sektnan, Lars"
6494,MATH222,S2019,B,MATH,https://www.mcgill.ca/study/2018-2019/courses/math-222,"Pequignot, Yann Batiste"
6495,MATH222,F2019,B,MATH,https://www.mcgill.ca/study/2019-2020/courses/math-222,"Macdonald, Jeremy; Causley, Broderick"
6496,MATH222,S2020,A,MATH,https://www.mcgill.ca/study/2019-2020/courses/math-222,"Fortier, Jérôme"
6497,MATH222,F2020,A-,MATH,https://www.mcgill.ca/study/2020-2021/courses/math-222,"Fortier, Jérôme; Kelome, Djivede"
6498,MATH222,W2021,B+,MATH,https://www.mcgill.ca/study/2020-2021/courses/math-222,"Vetois, Jerome"
6499,MATH222,S2021,B+,MATH,https://www.mcgill.ca/study/2020-2021/courses/math-222,"Trudeau, Sidney"
6500,MATH222,F2021,B+,MATH,https://www.mcgill.ca/study/2021-2022/courses/math-222,"Allen, Patrick; Lumley, Allysa"
6501,MATH222,W2022,B-,MATH,https://www.mcgill.ca/study/2021-2022/courses/math-222,"Trudeau, Sidney"
6502,MATH222,S2022,B-,MATH,https://www.mcgill.ca/study/2021-2022/courses/math-222,"Trudeau, Sidney"
6503,MATH222,F2022,B+,MATH,https://www.mcgill.ca/study/2022-2023/courses/math-222,"Paquette, Elliot; Wrobel, Konrad"
6504,MATH222,W2023,C+,MATH,https://www.mcgill.ca/study/2022-2023/courses/math-222,"Trudeau, Sidney"
6505,MATH222,S2023,B,MATH,https://www.mcgill.ca/study/2022-2023/courses/math-222,"Barill, Gavin"
6506,MATH222,F2023,B+,MATH,https://www.mcgill.ca/study/2023-2024/courses/math-222,"Sabok, Marcin; Allen, Patrick"
6507,MATH222,W2024,C+,MATH,https://www.mcgill.ca/study/2023-2024/courses/math-222,"Trudeau, Sidney"
6508,MATH222,S2024,B+,MATH,https://www.mcgill.ca/study/2023-2024/courses/math-222,"Bibby, Sean"
6509,MATH223,F2013,B,MATH,https://www.mcgill.ca/study/2013-2014/courses/math-223,"Cavendish, William"
6510,MATH223,W2014,B+,MATH,https://www.mcgill.ca/study/2013-2014/courses/math-223,"Cavendish, William"
6511,MATH223,F2014,B,MATH,https://www.mcgill.ca/study/2014-2015/courses/math-223,"Ehlen, Stephan"
6512,MATH223,W2015,B-,MATH,https://www.mcgill.ca/study/2014-2015/courses/math-223,"Saldanha Salvador, Tiago Miguel"
6513,MATH223,F2015,B,MATH,https://www.mcgill.ca/study/2015-2016/courses/math-223,"Fox, Thomas F"
6514,MATH223,W2016,B+,MATH,https://www.mcgill.ca/study/2015-2016/courses/math-223,"Pichot, Michael"
6515,MATH223,F2016,B-,MATH,https://www.mcgill.ca/study/2016-2017/courses/math-223,"Nica, Bogdan Lucian"
6516,MATH223,W2017,B+,MATH,https://www.mcgill.ca/study/2016-2017/courses/math-223,"Pichot, Michael"
6517,MATH223,F2017,B-,MATH,https://www.mcgill.ca/study/2017-2018/courses/math-223,"Nica, Bogdan Lucian"
6518,MATH223,W2018,C+,MATH,https://www.mcgill.ca/study/2017-2018/courses/math-223,"Kelome, Djivede"
6519,MATH223,F2018,B-,MATH,https://www.mcgill.ca/study/2018-2019/courses/math-223,"Kelome, Djivede"
6520,MATH223,W2019,B-,MATH,https://www.mcgill.ca/study/2018-2019/courses/math-223,"Macdonald, Jeremy"
6521,MATH223,F2019,B+,MATH,https://www.mcgill.ca/study/2019-2020/courses/math-223,"Kelome, Djivede"
6522,MATH223,F2020,A-,MATH,https://www.mcgill.ca/study/2020-2021/courses/math-223,"Pichot, Michael"
6523,MATH223,W2021,A-,MATH,https://www.mcgill.ca/study/2020-2021/courses/math-223,"Abdenbi, Brahim"
6524,MATH223,F2021,C+,MATH,https://www.mcgill.ca/study/2021-2022/courses/math-223,"Kelome, Djivede"
6525,MATH223,W2022,B,MATH,https://www.mcgill.ca/study/2021-2022/courses/math-223,"Darmon, Henri"
6526,MATH223,F2022,B,MATH,https://www.mcgill.ca/study/2022-2023/courses/math-223,"Macdonald, Jeremy; Pichot, Mikael"
6527,MATH223,W2023,B-,MATH,https://www.mcgill.ca/study/2022-2023/courses/math-223,"Macdonald, Jeremy"
6528,MATH223,F2023,B,MATH,https://www.mcgill.ca/study/2023-2024/courses/math-223,"Kelome, Djivede; Pichot, Mikael"
6529,MATH223,W2024,B+,MATH,https://www.mcgill.ca/study/2023-2024/courses/math-223,"Pichot, Mikael"
6530,MATH235,F2014,B-,MATH,https://www.mcgill.ca/study/2014-2015/courses/math-235,"L Kassaei, Payman"
6531,MATH235,F2015,B-,MATH,https://www.mcgill.ca/study/2015-2016/courses/math-235,"Goren, Eyal Z"
6532,MATH235,F2016,B-,MATH,https://www.mcgill.ca/study/2016-2017/courses/math-235,"Vonk, Jan"
6533,MATH235,F2017,B,MATH,https://www.mcgill.ca/study/2017-2018/courses/math-235,"Wise, Daniel"
6534,MATH235,F2018,B+,MATH,https://www.mcgill.ca/study/2018-2019/courses/math-235,"Wise, Daniel"
6535,MATH235,F2019,B+,MATH,https://www.mcgill.ca/study/2019-2020/courses/math-235,"Wise, Daniel"
6536,MATH235,F2020,A,MATH,https://www.mcgill.ca/study/2020-2021/courses/math-235,"Wise, Daniel"
6537,MATH235,F2021,B+,MATH,https://www.mcgill.ca/study/2021-2022/courses/math-235,"Wise, Daniel"
6538,MATH235,F2022,B+,MATH,https://www.mcgill.ca/study/2022-2023/courses/math-235,"Wise, Daniel"
6539,MATH235,F2023,B-,MATH,https://www.mcgill.ca/study/2023-2024/courses/math-235,"Macdonald, Jeremy; Goren, Eyal Z"
6540,MATH236,W2015,B,MATH,https://www.mcgill.ca/study/2014-2015/courses/math-236,"Sankaran, Siddarth"
6541,MATH236,W2016,B-,MATH,https://www.mcgill.ca/study/2015-2016/courses/math-236,"Sankaran, Siddarth"
6542,MATH236,W2017,B-,MATH,https://www.mcgill.ca/study/2016-2017/courses/math-236,"Patrias, Rebecca"
6543,MATH236,W2018,C+,MATH,https://www.mcgill.ca/study/2017-2018/courses/math-236,"Nica, Bogdan Lucian"
6544,MATH236,W2019,C+,MATH,https://www.mcgill.ca/study/2018-2019/courses/math-236,"Nica, Bogdan"
6545,MATH236,W2021,A-,MATH,https://www.mcgill.ca/study/2020-2021/courses/math-236,"Tserunyan, Anush"
6546,MATH236,W2022,B,MATH,https://www.mcgill.ca/study/2021-2022/courses/math-236,"Macdonald, Jeremy"
6547,MATH236,W2023,B,MATH,https://www.mcgill.ca/study/2022-2023/courses/math-236,"Sroka, Marcin"
6548,MATH236,W2024,B-,MATH,https://www.mcgill.ca/study/2023-2024/courses/math-236,"Macdonald, Jeremy"
6549,MATH240,F2013,B,MATH,https://www.mcgill.ca/study/2013-2014/courses/math-240,"Addario-Berry, Dana Louis"
6550,MATH240,F2014,B,MATH,https://www.mcgill.ca/study/2014-2015/courses/math-240,"Vetta, Adrian Roshan"
6551,MATH240,F2015,B+,MATH,https://www.mcgill.ca/study/2015-2016/courses/math-240,"Vetta, Adrian Roshan"
6552,MATH240,F2016,B,MATH,https://www.mcgill.ca/study/2016-2017/courses/math-240,None
6553,MATH240,W2017,B+,MATH,https://www.mcgill.ca/study/2016-2017/courses/math-240,"Shepherd, Frederick"
6554,MATH240,F2017,B,MATH,https://www.mcgill.ca/study/2017-2018/courses/math-240,"Decorte, Philip Evan"
6555,MATH240,W2018,B,MATH,https://www.mcgill.ca/study/2017-2018/courses/math-240,"Seamone, Benjamin"
6556,MATH240,F2018,C,MATH,https://www.mcgill.ca/study/2018-2019/courses/math-240,"Macdonald, Jeremy; Nica, Bogdan"
6557,MATH240,W2019,C+,MATH,https://www.mcgill.ca/study/2018-2019/courses/math-240,"Macdonald, Jeremy; Pequignot, Yann Batiste"
6558,MATH240,F2019,C,MATH,https://www.mcgill.ca/study/2019-2020/courses/math-240,"Macdonald, Jeremy; Nica, Bogdan"
6559,MATH240,F2020,B+,MATH,https://www.mcgill.ca/study/2020-2021/courses/math-240,"Addario-Berry, Louigi Dana; Paquette, Elliot"
6560,MATH240,W2021,A-,MATH,https://www.mcgill.ca/study/2020-2021/courses/math-240,"Vetta, Adrian Roshan; Fortier, Jérôme"
6561,MATH240,F2021,B-,MATH,https://www.mcgill.ca/study/2021-2022/courses/math-240,"Macdonald, Jeremy; Hanson, Eric"
6562,MATH240,W2022,B-,MATH,https://www.mcgill.ca/study/2021-2022/courses/math-240,"Macdonald, Jeremy; Love, Jonathan"
6563,MATH240,F2022,B,MATH,https://www.mcgill.ca/study/2022-2023/courses/math-240,"Vetta, Adrian Roshan; Fortier, Jérôme"
6564,MATH240,W2023,B-,MATH,https://www.mcgill.ca/study/2022-2023/courses/math-240,"Fortier, Jérôme; Macdonald, Jeremy"
6565,MATH240,F2023,B-,MATH,https://www.mcgill.ca/study/2023-2024/courses/math-240,"Fortier, Jérôme; Macdonald, Jeremy"
6566,MATH240,W2024,B-,MATH,https://www.mcgill.ca/study/2023-2024/courses/math-240,"Macdonald, Jeremy; Lee, Kiwon"
6567,MATH242,F2014,B+,MATH,https://www.mcgill.ca/study/2014-2015/courses/math-242,"Hundemer, Axel W"
6568,MATH242,F2015,B,MATH,https://www.mcgill.ca/study/2015-2016/courses/math-242,"Hundemer, Axel W"
6569,MATH242,F2016,B,MATH,https://www.mcgill.ca/study/2016-2017/courses/math-242,"Hundemer, Axel W"
6570,MATH242,F2017,B-,MATH,https://www.mcgill.ca/study/2017-2018/courses/math-242,"Vetois, Jerome"
6571,MATH242,F2018,B,MATH,https://www.mcgill.ca/study/2018-2019/courses/math-242,"Vetois, Jerome"
6572,MATH242,F2019,B-,MATH,https://www.mcgill.ca/study/2019-2020/courses/math-242,"Vetois, Jerome"
6573,MATH242,F2020,A-,MATH,https://www.mcgill.ca/study/2020-2021/courses/math-242,"Hundemer, Axel W"
6574,MATH242,F2021,B,MATH,https://www.mcgill.ca/study/2021-2022/courses/math-242,"Hundemer, Axel W"
6575,MATH242,F2022,B+,MATH,https://www.mcgill.ca/study/2022-2023/courses/math-242,"Hundemer, Axel W"
6576,MATH242,F2023,B,MATH,https://www.mcgill.ca/study/2023-2024/courses/math-242,"Hundemer, Axel"
6577,MATH243,W2015,B,MATH,https://www.mcgill.ca/study/2014-2015/courses/math-243,"Hundemer, Axel W"
6578,MATH243,W2016,B+,MATH,https://www.mcgill.ca/study/2015-2016/courses/math-243,"Hundemer, Axel W"
6579,MATH243,W2017,B,MATH,https://www.mcgill.ca/study/2016-2017/courses/math-243,"Hundemer, Axel W"
6580,MATH243,W2018,B,MATH,https://www.mcgill.ca/study/2017-2018/courses/math-243,"Hundemer, Axel W"
6581,MATH243,W2019,B,MATH,https://www.mcgill.ca/study/2018-2019/courses/math-243,"Hundemer, Axel W"
6582,MATH243,W2021,A-,MATH,https://www.mcgill.ca/study/2020-2021/courses/math-243,"Hundemer, Axel W"
6583,MATH243,W2022,B+,MATH,https://www.mcgill.ca/study/2021-2022/courses/math-243,"Hundemer, Axel W"
6584,MATH243,W2023,B,MATH,https://www.mcgill.ca/study/2022-2023/courses/math-243,"Hundemer, Axel W"
6585,MATH243,W2024,B+,MATH,https://www.mcgill.ca/study/2023-2024/courses/math-243,"Hundemer, Axel"
6586,MATH247,W2016,B-,MATH,https://www.mcgill.ca/study/2015-2016/courses/math-247,"Disegni, Daniel"
6587,MATH247,W2017,B+,MATH,https://www.mcgill.ca/study/2016-2017/courses/math-247,"Hundemer, Axel W"
6588,MATH247,W2018,B,MATH,https://www.mcgill.ca/study/2017-2018/courses/math-247,"Hundemer, Axel W"
6589,MATH247,W2019,B+,MATH,https://www.mcgill.ca/study/2018-2019/courses/math-247,"Hoheisel, Tim"
6590,MATH247,W2021,A-,MATH,https://www.mcgill.ca/study/2020-2021/courses/math-247,"Hoheisel, Tim"
6591,MATH247,W2022,B+,MATH,https://www.mcgill.ca/study/2021-2022/courses/math-247,"Hoheisel, Tim"
6592,MATH247,W2023,A,MATH,https://www.mcgill.ca/study/2022-2023/courses/math-247,"Jakobson, Dmitry"
6593,MATH247,W2024,B+,MATH,https://www.mcgill.ca/study/2023-2024/courses/math-247,"Hoheisel, Tim"
6594,MATH248,F2015,B+,MATH,https://www.mcgill.ca/study/2015-2016/courses/math-248,"Guan, Pengfei"
6595,MATH248,F2016,B+,MATH,https://www.mcgill.ca/study/2016-2017/courses/math-248,"Tsogtgerel, Gantumur"
6596,MATH248,F2017,B-,MATH,https://www.mcgill.ca/study/2017-2018/courses/math-248,"Guan, Pengfei"
6597,MATH248,F2018,B+,MATH,https://www.mcgill.ca/study/2018-2019/courses/math-248,"Guan, Pengfei"
6598,MATH248,F2019,B+,MATH,https://www.mcgill.ca/study/2019-2020/courses/math-248,"Tsogtgerel, Gantumur"
6599,MATH248,F2020,A-,MATH,https://www.mcgill.ca/study/2020-2021/courses/math-248,"Guan, Pengfei"
6600,MATH248,F2021,B,MATH,https://www.mcgill.ca/study/2021-2022/courses/math-248,"Guan, Pengfei"
6601,MATH248,F2022,B+,MATH,https://www.mcgill.ca/study/2022-2023/courses/math-248,"Kamran, Niky"
6602,MATH248,F2023,A-,MATH,https://www.mcgill.ca/study/2023-2024/courses/math-248,"Kamran, Niky"
6603,MATH249,W2016,B-,MATH,https://www.mcgill.ca/study/2015-2016/courses/math-249,"Vetois, Jerome"
6604,MATH249,W2017,B-,MATH,https://www.mcgill.ca/study/2016-2017/courses/math-249,"Roth, Charles"
6605,MATH249,W2018,B+,MATH,https://www.mcgill.ca/study/2017-2018/courses/math-249,"Roth, Charles"
6606,MATH249,W2019,B,MATH,https://www.mcgill.ca/study/2018-2019/courses/math-249,"Roth, Charles"
6607,MATH249,W2021,A-,MATH,https://www.mcgill.ca/study/2020-2021/courses/math-249,"Harrison, Sarah"
6608,MATH249,W2022,B+,MATH,https://www.mcgill.ca/study/2021-2022/courses/math-249,"Tserunyan, Anush"
6609,MATH249,W2023,B+,MATH,https://www.mcgill.ca/study/2022-2023/courses/math-249,"Guan, Pengfei"
6610,MATH249,W2024,B+,MATH,https://www.mcgill.ca/study/2023-2024/courses/math-249,"Pym, Brent"
6611,MATH251,W2015,B+,MATH,https://www.mcgill.ca/study/2014-2015/courses/math-251,"Przytycki, Piotr"
6612,MATH251,W2016,B+,MATH,https://www.mcgill.ca/study/2015-2016/courses/math-251,"Przytycki, Piotr"
6613,MATH251,W2017,B,MATH,https://www.mcgill.ca/study/2016-2017/courses/math-251,"Goren, Eyal Z"
6614,MATH251,W2018,B-,MATH,https://www.mcgill.ca/study/2017-2018/courses/math-251,"Vonk, Jan"
6615,MATH251,W2019,B+,MATH,https://www.mcgill.ca/study/2018-2019/courses/math-251,"Wang, Haining"
6616,MATH251,W2021,A-,MATH,https://www.mcgill.ca/study/2020-2021/courses/math-251,"Lipnowski, Michael"
6617,MATH251,W2022,B+,MATH,https://www.mcgill.ca/study/2021-2022/courses/math-251,"Lipnowski, Michael"
6618,MATH251,W2023,A-,MATH,https://www.mcgill.ca/study/2022-2023/courses/math-251,"Pichot, Mikael"
6619,MATH251,W2024,B+,MATH,https://www.mcgill.ca/study/2023-2024/courses/math-251,"Tserunyan, Anush"
6620,MATH254,F2015,B+,MATH,https://www.mcgill.ca/study/2015-2016/courses/math-254,"Jaksic, Vojkan"
6621,MATH254,F2016,B-,MATH,https://www.mcgill.ca/study/2016-2017/courses/math-254,"Vetois, Jerome"
6622,MATH254,F2017,B,MATH,https://www.mcgill.ca/study/2017-2018/courses/math-254,"Hundemer, Axel W"
6623,MATH254,F2018,B+,MATH,https://www.mcgill.ca/study/2018-2019/courses/math-254,"Hundemer, Axel W"
6624,MATH254,F2019,B,MATH,https://www.mcgill.ca/study/2019-2020/courses/math-254,"Hundemer, Axel W"
6625,MATH254,F2020,A,MATH,https://www.mcgill.ca/study/2020-2021/courses/math-254,"Jaksic, Vojkan; Hundemer, Axel W; Hurtubise, Jacques Claude"
6626,MATH254,F2021,B+,MATH,https://www.mcgill.ca/study/2021-2022/courses/math-254,"Jaksic, Vojkan"
6627,MATH254,F2022,B+,MATH,https://www.mcgill.ca/study/2022-2023/courses/math-254,"Tserunyan, Anush"
6628,MATH254,F2023,B+,MATH,https://www.mcgill.ca/study/2023-2024/courses/math-254,"Jaksic, Vojkan"
6629,MATH255,W2015,B-,MATH,https://www.mcgill.ca/study/2014-2015/courses/math-255,"Jaksic, Vojkan"
6630,MATH255,W2016,B,MATH,https://www.mcgill.ca/study/2015-2016/courses/math-255,"Jaksic, Vojkan"
6631,MATH255,W2017,B+,MATH,https://www.mcgill.ca/study/2016-2017/courses/math-255,"Choksi, Rustum"
6632,MATH255,W2018,B,MATH,https://www.mcgill.ca/study/2017-2018/courses/math-255,"Choksi, Rustum"
6633,MATH255,W2019,B,MATH,https://www.mcgill.ca/study/2018-2019/courses/math-255,"Choksi, Rustum"
6634,MATH255,W2021,A-,MATH,https://www.mcgill.ca/study/2020-2021/courses/math-255,"Jaksic, Vojkan"
6635,MATH255,W2022,A,MATH,https://www.mcgill.ca/study/2021-2022/courses/math-255,"Jakobson, Dmitry"
6636,MATH255,W2023,B+,MATH,https://www.mcgill.ca/study/2022-2023/courses/math-255,"Choksi, Rustum"
6637,MATH255,W2024,A,MATH,https://www.mcgill.ca/study/2023-2024/courses/math-255,"Jakobson, Dmitry"
6638,MATH262,F2013,B+,MATH,https://www.mcgill.ca/study/2013-2014/courses/math-262,"Jaberi-Douraki, Majid; Kamran, Niky; Bihlo, Alexander"
6639,MATH262,S2014,B-,MATH,https://www.mcgill.ca/study/2013-2014/courses/math-262,"Bachrachas Peterburg, Janine"
6640,MATH262,F2014,A-,MATH,https://www.mcgill.ca/study/2014-2015/courses/math-262,"Sancho, Neville G F; Jakobson, Dmitry; Xu, Yiyan"
6641,MATH262,W2015,B-,MATH,https://www.mcgill.ca/study/2014-2015/courses/math-262,"Xu, Jian-Jun"
6642,MATH262,S2015,A-,MATH,https://www.mcgill.ca/study/2014-2015/courses/math-262,"Barsheshat, Yariv"
6643,MATH262,F2015,B,MATH,https://www.mcgill.ca/study/2015-2016/courses/math-262,"Makhmali, Omid; Kamran, Niky; Liu, Yijia"
6644,MATH262,W2016,C+,MATH,https://www.mcgill.ca/study/2015-2016/courses/math-262,"Trudeau, Sidney"
6645,MATH262,S2016,B+,MATH,https://www.mcgill.ca/study/2015-2016/courses/math-262,"Makhmali, Omid"
6646,MATH262,F2016,B-,MATH,https://www.mcgill.ca/study/2016-2017/courses/math-262,"Makhmali, Omid; Liu, Yijia; Shirikyan, Armen"
6647,MATH262,W2017,B-,MATH,https://www.mcgill.ca/study/2016-2017/courses/math-262,"Drury, Stephen W"
6648,MATH262,S2017,B,MATH,https://www.mcgill.ca/study/2016-2017/courses/math-262,"Trudeau, Sidney"
6649,MATH262,F2017,B,MATH,https://www.mcgill.ca/study/2017-2018/courses/math-262,"Trudeau, Sidney; Lu, Xinyang"
6650,MATH262,W2018,B-,MATH,https://www.mcgill.ca/study/2017-2018/courses/math-262,"Drury, Stephen W"
6651,MATH262,S2018,B-,MATH,https://www.mcgill.ca/study/2017-2018/courses/math-262,"Trudeau, Sidney"
6652,MATH262,F2018,B,MATH,https://www.mcgill.ca/study/2018-2019/courses/math-262,"Drury, Stephen W; Létourneau, Vincent; Mazumdar, Saikat"
6653,MATH262,W2019,B-,MATH,https://www.mcgill.ca/study/2018-2019/courses/math-262,"Roth, Charles"
6654,MATH262,S2019,A-,MATH,https://www.mcgill.ca/study/2018-2019/courses/math-262,"Jakobson, Dmitry"
6655,MATH262,F2019,B,MATH,https://www.mcgill.ca/study/2019-2020/courses/math-262,"Bélanger-Rioux, Rosalie; Létourneau, Vincent; Mei, Ming"
6656,MATH262,S2020,A-,MATH,https://www.mcgill.ca/study/2019-2020/courses/math-262,"Trudeau, Sidney"
6657,MATH262,F2020,A-,MATH,https://www.mcgill.ca/study/2020-2021/courses/math-262,"Trudeau, Sidney; Church, Kevin; Humphries, Tony"
6658,MATH262,W2021,B+,MATH,https://www.mcgill.ca/study/2020-2021/courses/math-262,"Roth, Charles"
6659,MATH262,S2021,B+,MATH,https://www.mcgill.ca/study/2020-2021/courses/math-262,"Phung, Xuan Kien"
6660,MATH262,F2021,B,MATH,https://www.mcgill.ca/study/2021-2022/courses/math-262,"Hoheisel, Tim; GONZALEZ, IVAN; Church, Kevin"
6661,MATH262,W2022,B-,MATH,https://www.mcgill.ca/study/2021-2022/courses/math-262,"Roth, Charles"
6662,MATH262,S2022,B+,MATH,https://www.mcgill.ca/study/2021-2022/courses/math-262,"Church, Kevin"
6663,MATH262,F2022,B+,MATH,https://www.mcgill.ca/study/2022-2023/courses/math-262,"Kelome, Djivede; Duchesne, Gabriel William; Sun, Ruiran"
6664,MATH262,W2023,B,MATH,https://www.mcgill.ca/study/2022-2023/courses/math-262,"Roth, Charles"
6665,MATH262,S2023,B,MATH,https://www.mcgill.ca/study/2022-2023/courses/math-262,"Trudeau, Sidney"
6666,MATH262,F2023,A-,MATH,https://www.mcgill.ca/study/2023-2024/courses/math-262,"Jaksic, Vojkan; Tageddine, Damien; Borthwick, Jack Anthony"
6667,MATH262,W2024,B-,MATH,https://www.mcgill.ca/study/2023-2024/courses/math-262,"Roth, Charles"
6668,MATH262,S2024,B-,MATH,https://www.mcgill.ca/study/2023-2024/courses/math-262,"Trudeau, Sidney"
6669,MATH263,F2013,C+,MATH,https://www.mcgill.ca/study/2013-2014/courses/math-263,"Xu, Jian-Jun; Feys, Jan"
6670,MATH263,W2014,B-,MATH,https://www.mcgill.ca/study/2013-2014/courses/math-263,"Grieve, Nathan; Nave, Jean-Christophe"
6671,MATH263,F2014,B,MATH,https://www.mcgill.ca/study/2014-2015/courses/math-263,"Grieve, Nathan; Hurtubise, Jacques Claude"
6672,MATH263,W2015,B,MATH,https://www.mcgill.ca/study/2014-2015/courses/math-263,"Grieve, Nathan; Nave, Jean-Christophe"
6673,MATH263,S2015,B,MATH,https://www.mcgill.ca/study/2014-2015/courses/math-263,"Munroe, Patrick"
6674,MATH263,F2015,B+,MATH,https://www.mcgill.ca/study/2015-2016/courses/math-263,"Lu, Xinyang; Xu, Jian-Jun"
6675,MATH263,W2016,C+,MATH,https://www.mcgill.ca/study/2015-2016/courses/math-263,"Nave, Jean-Christophe"
6676,MATH263,S2016,A-,MATH,https://www.mcgill.ca/study/2015-2016/courses/math-263,"Lu, Xinyang"
6677,MATH263,F2016,B,MATH,https://www.mcgill.ca/study/2016-2017/courses/math-263,"Hurtubise, Jacques Claude; Lu, Xinyang"
6678,MATH263,W2017,B+,MATH,https://www.mcgill.ca/study/2016-2017/courses/math-263,"Lu, Xinyang"
6679,MATH263,S2017,A-,MATH,https://www.mcgill.ca/study/2016-2017/courses/math-263,"Lu, Xinyang"
6680,MATH263,F2017,B,MATH,https://www.mcgill.ca/study/2017-2018/courses/math-263,"Hurtubise, Jacques Claude; Lin, Jessica"
6681,MATH263,W2018,B+,MATH,https://www.mcgill.ca/study/2017-2018/courses/math-263,"Meng, xianchang; Jain, Rohit"
6682,MATH263,S2018,B,MATH,https://www.mcgill.ca/study/2017-2018/courses/math-263,"McGregor, Geoffrey"
6683,MATH263,F2018,B,MATH,https://www.mcgill.ca/study/2018-2019/courses/math-263,"Lin, Jessica"
6684,MATH263,W2019,B-,MATH,https://www.mcgill.ca/study/2018-2019/courses/math-263,"Trudeau, Sidney; McGregor, Geoffrey"
6685,MATH263,S2019,B-,MATH,https://www.mcgill.ca/study/2018-2019/courses/math-263,"Trudeau, Sidney"
6686,MATH263,F2019,B,MATH,https://www.mcgill.ca/study/2019-2020/courses/math-263,"Church, Kevin; Hurtubise, Jacques Claude; Eswarathasan, Suresh"
6687,MATH263,S2020,A-,MATH,https://www.mcgill.ca/study/2019-2020/courses/math-263,"Bibby, Sean"
6688,MATH263,F2020,A,MATH,https://www.mcgill.ca/study/2020-2021/courses/math-263,"Humphries, Tony; Jakobson, Dmitry"
6689,MATH263,W2021,A-,MATH,https://www.mcgill.ca/study/2020-2021/courses/math-263,"Bélanger-Rioux, Rosalie; Vig, Amir"
6690,MATH263,S2021,B+,MATH,https://www.mcgill.ca/study/2020-2021/courses/math-263,"Bibby, Sean"
6691,MATH263,F2021,A,MATH,https://www.mcgill.ca/study/2021-2022/courses/math-263,"Jakobson, Dmitry; Shirazi, Mohammad"
6692,MATH263,W2022,B-,MATH,https://www.mcgill.ca/study/2021-2022/courses/math-263,"Trudeau, Sidney; Shirazi, Mohammad"
6693,MATH263,S2022,A-,MATH,https://www.mcgill.ca/study/2021-2022/courses/math-263,"Shirazi, Mohammad"
6694,MATH263,F2022,A-,MATH,https://www.mcgill.ca/study/2022-2023/courses/math-263,"Lessard, Jean-Philippe; GONZALEZ, IVAN"
6695,MATH263,W2023,B,MATH,https://www.mcgill.ca/study/2022-2023/courses/math-263,"Humphries, Tony; Lee, Kiwon"
6696,MATH263,S2023,B,MATH,https://www.mcgill.ca/study/2022-2023/courses/math-263,"Alsibaai, Shaza"
6697,MATH263,F2023,A-,MATH,https://www.mcgill.ca/study/2023-2024/courses/math-263,"Lessard, Jean-Philippe; Bélanger-Rioux, Rosalie"
6698,MATH263,W2024,B,MATH,https://www.mcgill.ca/study/2023-2024/courses/math-263,"Humphries, Tony; Tageddine, Damien"
6699,MATH263,S2024,B-,MATH,https://www.mcgill.ca/study/2023-2024/courses/math-263,"Lee, Kiwon"
6700,MATH264,W2014,B-,MATH,https://www.mcgill.ca/study/2013-2014/courses/math-264,"Choksi, Rustum"
6701,MATH264,S2014,B,MATH,https://www.mcgill.ca/study/2013-2014/courses/math-264,"Tcheng, Alexandra"
6702,MATH264,W2015,B,MATH,https://www.mcgill.ca/study/2014-2015/courses/math-264,"Toth, John A; Calleja Castillo, Renato"
6703,MATH264,S2015,B,MATH,https://www.mcgill.ca/study/2014-2015/courses/math-264,"Trudeau, Sidney"
6704,MATH264,F2015,B-,MATH,https://www.mcgill.ca/study/2015-2016/courses/math-264,"Trudeau, Sidney; Moran, Spencer"
6705,MATH264,W2016,B,MATH,https://www.mcgill.ca/study/2015-2016/courses/math-264,"Choksi, Rustum"
6706,MATH264,S2016,C+,MATH,https://www.mcgill.ca/study/2015-2016/courses/math-264,"Trudeau, Sidney"
6707,MATH264,F2016,B,MATH,https://www.mcgill.ca/study/2016-2017/courses/math-264,"Choksi, Rustum"
6708,MATH264,W2017,B-,MATH,https://www.mcgill.ca/study/2016-2017/courses/math-264,"Sharma, Amit"
6709,MATH264,S2017,B,MATH,https://www.mcgill.ca/study/2016-2017/courses/math-264,"Jain, Rohit"
6710,MATH264,F2017,C+,MATH,https://www.mcgill.ca/study/2017-2018/courses/math-264,"Wan, Andy"
6711,MATH264,W2018,B-,MATH,https://www.mcgill.ca/study/2017-2018/courses/math-264,"Guan, Pengfei"
6712,MATH264,S2018,B,MATH,https://www.mcgill.ca/study/2017-2018/courses/math-264,"Sharma, Amit"
6713,MATH264,F2018,B+,MATH,https://www.mcgill.ca/study/2018-2019/courses/math-264,"Mei, Ming"
6714,MATH264,W2019,B,MATH,https://www.mcgill.ca/study/2018-2019/courses/math-264,"Guan, Pengfei"
6715,MATH264,S2019,B-,MATH,https://www.mcgill.ca/study/2018-2019/courses/math-264,"Nazari Zahraei Motlagh, Erfan"
6716,MATH264,F2019,B+,MATH,https://www.mcgill.ca/study/2019-2020/courses/math-264,"Wong, Biji; Hurtubise, Jacques Claude"
6717,MATH264,S2020,B+,MATH,https://www.mcgill.ca/study/2019-2020/courses/math-264,"Nazari Zahraei Motlagh, Erfan"
6718,MATH264,F2020,B+,MATH,https://www.mcgill.ca/study/2020-2021/courses/math-264,"Vetois, Jerome"
6719,MATH264,W2021,A-,MATH,https://www.mcgill.ca/study/2020-2021/courses/math-264,"Choksi, Rustum"
6720,MATH264,S2021,B,MATH,https://www.mcgill.ca/study/2020-2021/courses/math-264,"Nazari Zahraei Motlagh, Erfan"
6721,MATH264,F2021,A-,MATH,https://www.mcgill.ca/study/2021-2022/courses/math-264,"Lipnowski, Michael"
6722,MATH264,W2022,B,MATH,https://www.mcgill.ca/study/2021-2022/courses/math-264,"Bélanger-Rioux, Rosalie"
6723,MATH264,S2022,B+,MATH,https://www.mcgill.ca/study/2021-2022/courses/math-264,"Bibby, Sean"
6724,MATH264,F2022,B,MATH,https://www.mcgill.ca/study/2022-2023/courses/math-264,"Bibby, Sean"
6725,MATH264,W2023,B+,MATH,https://www.mcgill.ca/study/2022-2023/courses/math-264,"Fortier, Jérôme"
6726,MATH264,S2023,B+,MATH,https://www.mcgill.ca/study/2022-2023/courses/math-264,"Sabbagh, Magid"
6727,MATH264,F2023,B-,MATH,https://www.mcgill.ca/study/2023-2024/courses/math-264,"Roth, Charles"
6728,MATH264,W2024,B+,MATH,https://www.mcgill.ca/study/2023-2024/courses/math-264,"Fortier, Jérôme"
6729,MATH264,S2024,B,MATH,https://www.mcgill.ca/study/2023-2024/courses/math-264,"Roth, Charles"
6730,MATH270,W2014,B,MATH,https://www.mcgill.ca/study/2013-2014/courses/math-270,"Shirokoff, David"
6731,MATH270,W2015,B-,MATH,https://www.mcgill.ca/study/2014-2015/courses/math-270,"Drury, Stephen W"
6732,MATH270,F2015,B+,MATH,https://www.mcgill.ca/study/2015-2016/courses/math-270,"Novytska, Yuliya"
6733,MATH270,W2016,B,MATH,https://www.mcgill.ca/study/2015-2016/courses/math-270,"Cornwell, Christopher"
6734,MATH270,F2016,B,MATH,https://www.mcgill.ca/study/2016-2017/courses/math-270,"Osajda, Damian"
6735,MATH271,F2014,B-,MATH,https://www.mcgill.ca/study/2014-2015/courses/math-271,"Roth, Charles"
6736,MATH271,F2015,B,MATH,https://www.mcgill.ca/study/2015-2016/courses/math-271,"Roth, Charles"
6737,MATH271,W2016,C+,MATH,https://www.mcgill.ca/study/2015-2016/courses/math-271,"Roth, Charles"
6738,MATH271,F2016,B-,MATH,https://www.mcgill.ca/study/2016-2017/courses/math-271,"Roth, Charles"
6739,MATH271,W2017,B-,MATH,https://www.mcgill.ca/study/2016-2017/courses/math-271,"Roth, Charles"
6740,MATH271,F2017,C+,MATH,https://www.mcgill.ca/study/2017-2018/courses/math-271,"Roth, Charles"
6741,MATH271,F2018,B-,MATH,https://www.mcgill.ca/study/2018-2019/courses/math-271,"Roth, Charles"
6742,MATH271,F2019,C+,MATH,https://www.mcgill.ca/study/2019-2020/courses/math-271,"Roth, Charles"
6743,MATH271,F2020,B+,MATH,https://www.mcgill.ca/study/2020-2021/courses/math-271,"Roth, Charles"
6744,MATH271,F2021,B-,MATH,https://www.mcgill.ca/study/2021-2022/courses/math-271,"Roth, Charles"
6745,MATH271,F2022,B-,MATH,https://www.mcgill.ca/study/2022-2023/courses/math-271,"Roth, Charles"
6746,MATH271,F2023,B,MATH,https://www.mcgill.ca/study/2023-2024/courses/math-271,"Roth, Charles"
6747,MATH308,W2021,A,MATH,https://www.mcgill.ca/study/2020-2021/courses/math-308,"Genest, Christian"
6748,MATH308,W2022,A,MATH,https://www.mcgill.ca/study/2021-2022/courses/math-308,"Steele, Russell"
6749,MATH308,W2023,A-,MATH,https://www.mcgill.ca/study/2022-2023/courses/math-308,"Alam, Shomoita"
6750,MATH308,W2024,A-,MATH,https://www.mcgill.ca/study/2023-2024/courses/math-308,"Yang, Archer Yi"
6751,MATH314,W2014,B,MATH,https://www.mcgill.ca/study/2013-2014/courses/math-314,"Trudeau, Sidney"
6752,MATH314,F2014,B+,MATH,https://www.mcgill.ca/study/2014-2015/courses/math-314,"Klemes, Ivo"
6753,MATH314,W2015,B+,MATH,https://www.mcgill.ca/study/2014-2015/courses/math-314,"Sancho, Neville G F"
6754,MATH314,W2016,B-,MATH,https://www.mcgill.ca/study/2015-2016/courses/math-314,"Roth, Charles"
6755,MATH314,F2016,B-,MATH,https://www.mcgill.ca/study/2016-2017/courses/math-314,"Roth, Charles"
6756,MATH314,W2017,B,MATH,https://www.mcgill.ca/study/2016-2017/courses/math-314,"Drury, Stephen W"
6757,MATH314,F2017,A-,MATH,https://www.mcgill.ca/study/2017-2018/courses/math-314,"Drury, Stephen W"
6758,MATH314,W2018,B,MATH,https://www.mcgill.ca/study/2017-2018/courses/math-314,"Roth, Charles"
6759,MATH314,F2018,B-,MATH,https://www.mcgill.ca/study/2018-2019/courses/math-314,"Roth, Charles"
6760,MATH314,W2019,B,MATH,https://www.mcgill.ca/study/2018-2019/courses/math-314,"Drury, Stephen W"
6761,MATH314,F2019,C+,MATH,https://www.mcgill.ca/study/2019-2020/courses/math-314,"Roth, Charles"
6762,MATH314,F2020,A-,MATH,https://www.mcgill.ca/study/2020-2021/courses/math-314,"Roth, Charles"
6763,MATH314,W2021,A-,MATH,https://www.mcgill.ca/study/2020-2021/courses/math-314,"Toth, John A"
6764,MATH314,F2021,B-,MATH,https://www.mcgill.ca/study/2021-2022/courses/math-314,"Roth, Charles"
6765,MATH314,W2022,B-,MATH,https://www.mcgill.ca/study/2021-2022/courses/math-314,"Macdonald, Jeremy"
6766,MATH314,F2022,C+,MATH,https://www.mcgill.ca/study/2022-2023/courses/math-314,"Roth, Charles"
6767,MATH314,W2023,B+,MATH,https://www.mcgill.ca/study/2022-2023/courses/math-314,"Fortier, Jérôme"
6768,MATH314,F2023,B,MATH,https://www.mcgill.ca/study/2023-2024/courses/math-314,"Toth, John A"
6769,MATH314,W2024,B,MATH,https://www.mcgill.ca/study/2023-2024/courses/math-314,"Allen, Patrick"
6770,MATH315,W2014,B+,MATH,https://www.mcgill.ca/study/2013-2014/courses/math-315,"Tsogtgerel, Gantumur"
6771,MATH315,W2015,C+,MATH,https://www.mcgill.ca/study/2014-2015/courses/math-315,"Xu, Jian-Jun"
6772,MATH315,S2015,B,MATH,https://www.mcgill.ca/study/2014-2015/courses/math-315,"Reimer, Krista"
6773,MATH315,F2015,C+,MATH,https://www.mcgill.ca/study/2015-2016/courses/math-315,"Xu, Jian-Jun"
6774,MATH315,W2016,A-,MATH,https://www.mcgill.ca/study/2015-2016/courses/math-315,"Lu, Xinyang"
6775,MATH315,S2016,C+,MATH,https://www.mcgill.ca/study/2015-2016/courses/math-315,"Roth, Charles"
6776,MATH315,F2016,A-,MATH,https://www.mcgill.ca/study/2016-2017/courses/math-315,"Lu, Xinyang"
6777,MATH315,W2017,B-,MATH,https://www.mcgill.ca/study/2016-2017/courses/math-315,"Mitry, John"
6778,MATH315,S2017,C+,MATH,https://www.mcgill.ca/study/2016-2017/courses/math-315,"Roth, Charles"
6779,MATH315,F2017,B-,MATH,https://www.mcgill.ca/study/2017-2018/courses/math-315,"Nave, Jean-Christophe"
6780,MATH315,W2018,B-,MATH,https://www.mcgill.ca/study/2017-2018/courses/math-315,"Lessard, Jean-Philippe"
6781,MATH315,S2018,B-,MATH,https://www.mcgill.ca/study/2017-2018/courses/math-315,"Roth, Charles"
6782,MATH315,F2018,B-,MATH,https://www.mcgill.ca/study/2018-2019/courses/math-315,"Nave, Jean-Christophe"
6783,MATH315,W2019,B+,MATH,https://www.mcgill.ca/study/2018-2019/courses/math-315,"Humphries, Antony Raymond"
6784,MATH315,S2019,C,MATH,https://www.mcgill.ca/study/2018-2019/courses/math-315,"Roth, Charles"
6785,MATH315,F2019,B+,MATH,https://www.mcgill.ca/study/2019-2020/courses/math-315,"Nave, Jean-Christophe"
6786,MATH315,S2020,A,MATH,https://www.mcgill.ca/study/2019-2020/courses/math-315,"Roth, Charles"
6787,MATH315,F2020,B+,MATH,https://www.mcgill.ca/study/2020-2021/courses/math-315,"Paquette, Courtney"
6788,MATH315,W2021,B+,MATH,https://www.mcgill.ca/study/2020-2021/courses/math-315,"Shirazi, Mohammad"
6789,MATH315,S2021,B,MATH,https://www.mcgill.ca/study/2020-2021/courses/math-315,"Roth, Charles"
6790,MATH315,F2021,B-,MATH,https://www.mcgill.ca/study/2021-2022/courses/math-315,"Paquette, Courtney"
6791,MATH315,W2022,B,MATH,https://www.mcgill.ca/study/2021-2022/courses/math-315,"Bélanger-Rioux, Rosalie"
6792,MATH315,S2022,C,MATH,https://www.mcgill.ca/study/2021-2022/courses/math-315,"Roth, Charles"
6793,MATH315,F2022,B-,MATH,https://www.mcgill.ca/study/2022-2023/courses/math-315,"Berk, Aaron"
6794,MATH315,W2023,B+,MATH,https://www.mcgill.ca/study/2022-2023/courses/math-315,"Bélanger-Rioux, Rosalie"
6795,MATH315,S2023,B-,MATH,https://www.mcgill.ca/study/2022-2023/courses/math-315,"Roth, Charles"
6796,MATH315,F2023,B,MATH,https://www.mcgill.ca/study/2023-2024/courses/math-315,"Hurtubise, Jacques Claude"
6797,MATH315,W2024,A-,MATH,https://www.mcgill.ca/study/2023-2024/courses/math-315,"Bélanger-Rioux, Rosalie"
6798,MATH316,F2018,C+,MATH,https://www.mcgill.ca/study/2018-2019/courses/math-316,"Nica, Bogdan"
6799,MATH316,F2019,B,MATH,https://www.mcgill.ca/study/2019-2020/courses/math-316,"Pym, Brent"
6800,MATH316,F2020,A-,MATH,https://www.mcgill.ca/study/2020-2021/courses/math-316,"Pym, Brent"
6801,MATH316,F2021,B+,MATH,https://www.mcgill.ca/study/2021-2022/courses/math-316,"Pym, Brent"
6802,MATH316,F2022,B,MATH,https://www.mcgill.ca/study/2022-2023/courses/math-316,"Pym, Brent"
6803,MATH316,F2023,A-,MATH,https://www.mcgill.ca/study/2023-2024/courses/math-316,"Jakobson, Dmitry"
6804,MATH317,F2017,B-,MATH,https://www.mcgill.ca/study/2017-2018/courses/math-317,"Bartello, Peter"
6805,MATH317,F2018,B,MATH,https://www.mcgill.ca/study/2018-2019/courses/math-317,"Bartello, Peter"
6806,MATH317,F2019,B,MATH,https://www.mcgill.ca/study/2019-2020/courses/math-317,"Bartello, Peter"
6807,MATH317,F2020,B+,MATH,https://www.mcgill.ca/study/2020-2021/courses/math-317,"Bartello, Peter"
6808,MATH317,F2021,B-,MATH,https://www.mcgill.ca/study/2021-2022/courses/math-317,"McGregor, Geoffrey"
6809,MATH317,F2023,B+,MATH,https://www.mcgill.ca/study/2023-2024/courses/math-317,"Gantumur, Tsog"
6810,MATH318,F2016,B,MATH,https://www.mcgill.ca/study/2016-2017/courses/math-318,"Sabok, Marcin"
6811,MATH318,F2017,B+,MATH,https://www.mcgill.ca/study/2017-2018/courses/math-318,"Sabok, Marcin"
6812,MATH318,F2018,B,MATH,https://www.mcgill.ca/study/2018-2019/courses/math-318,"Sabok, Marcin"
6813,MATH318,F2019,B,MATH,https://www.mcgill.ca/study/2019-2020/courses/math-318,"Sabok, Marcin"
6814,MATH318,F2020,A-,MATH,https://www.mcgill.ca/study/2020-2021/courses/math-318,"Tserunyan, Anush"
6815,MATH318,F2021,B,MATH,https://www.mcgill.ca/study/2021-2022/courses/math-318,"Tserunyan, Anush"
6816,MATH318,F2022,B,MATH,https://www.mcgill.ca/study/2022-2023/courses/math-318,"Sabok, Marcin"
6817,MATH318,F2023,B,MATH,https://www.mcgill.ca/study/2023-2024/courses/math-318,"Tserunyan, Anush"
6818,MATH319,W2016,B,MATH,https://www.mcgill.ca/study/2015-2016/courses/math-319,"Tsogtgerel, Gantumur"
6819,MATH319,W2018,B,MATH,https://www.mcgill.ca/study/2017-2018/courses/math-319,"Lin, Jessica"
6820,MATH319,W2021,B,MATH,https://www.mcgill.ca/study/2020-2021/courses/math-319,"Bartello, Peter"
6821,MATH323,F2013,C+,MATH,https://www.mcgill.ca/study/2013-2014/courses/math-323,"Asgharian-Dastenaei, Masoud"
6822,MATH323,S2014,C,MATH,https://www.mcgill.ca/study/2013-2014/courses/math-323,"Kelome, Djivede"
6823,MATH323,F2014,B-,MATH,https://www.mcgill.ca/study/2014-2015/courses/math-323,"Anderson, William J"
6824,MATH323,W2015,C+,MATH,https://www.mcgill.ca/study/2014-2015/courses/math-323,"Kelome, Djivede"
6825,MATH323,F2015,B+,MATH,https://www.mcgill.ca/study/2015-2016/courses/math-323,"Anderson, William J"
6826,MATH323,W2016,B-,MATH,https://www.mcgill.ca/study/2015-2016/courses/math-323,"Vrbik, Irene"
6827,MATH323,S2016,C,MATH,https://www.mcgill.ca/study/2015-2016/courses/math-323,"Kelome, Djivede"
6828,MATH323,F2016,B-,MATH,https://www.mcgill.ca/study/2016-2017/courses/math-323,"Asgharian-Dastenaei, Masoud"
6829,MATH323,W2017,B-,MATH,https://www.mcgill.ca/study/2016-2017/courses/math-323,"Sen, Sanchayan"
6830,MATH323,S2017,D,MATH,https://www.mcgill.ca/study/2016-2017/courses/math-323,"Kelome, Djivede"
6831,MATH323,F2017,B,MATH,https://www.mcgill.ca/study/2017-2018/courses/math-323,"Wolfson, David B"
6832,MATH323,W2018,B,MATH,https://www.mcgill.ca/study/2017-2018/courses/math-323,"Su, Chien-Lin"
6833,MATH323,S2018,C,MATH,https://www.mcgill.ca/study/2017-2018/courses/math-323,"Kelome, Djivede"
6834,MATH323,F2018,B,MATH,https://www.mcgill.ca/study/2018-2019/courses/math-323,"Stephens, David"
6835,MATH323,W2019,B,MATH,https://www.mcgill.ca/study/2018-2019/courses/math-323,"Wolfson, David B"
6836,MATH323,S2019,C,MATH,https://www.mcgill.ca/study/2018-2019/courses/math-323,"Kelome, Djivede"
6837,MATH323,F2019,B,MATH,https://www.mcgill.ca/study/2019-2020/courses/math-323,"Correa, Jose Andres; Alam, Shomoita"
6838,MATH323,S2020,A-,MATH,https://www.mcgill.ca/study/2019-2020/courses/math-323,"Kelome, Djivede"
6839,MATH323,F2020,A-,MATH,https://www.mcgill.ca/study/2020-2021/courses/math-323,"Sajjad, Alia; Wolfson, David B"
6840,MATH323,W2021,A-,MATH,https://www.mcgill.ca/study/2020-2021/courses/math-323,"Wolfson, David B; Sajjad, Alia"
6841,MATH323,S2021,B+,MATH,https://www.mcgill.ca/study/2020-2021/courses/math-323,"Kelome, Djivede"
6842,MATH323,F2021,B,MATH,https://www.mcgill.ca/study/2021-2022/courses/math-323,"Sajjad, Alia; Stephens, David"
6843,MATH323,W2022,A,MATH,https://www.mcgill.ca/study/2021-2022/courses/math-323,"Sajjad, Alia; Nadarajah, Tharshanna"
6844,MATH323,S2022,C+,MATH,https://www.mcgill.ca/study/2021-2022/courses/math-323,"Kelome, Djivede"
6845,MATH323,F2022,A,MATH,https://www.mcgill.ca/study/2022-2023/courses/math-323,"Nadarajah, Tharshanna; Sajjad, Alia"
6846,MATH323,W2023,A-,MATH,https://www.mcgill.ca/study/2022-2023/courses/math-323,"Asgharian, Masoud; Sajjad, Alia"
6847,MATH323,S2023,B-,MATH,https://www.mcgill.ca/study/2022-2023/courses/math-323,"Kelome, Djivede"
6848,MATH323,F2023,A-,MATH,https://www.mcgill.ca/study/2023-2024/courses/math-323,"Sajjad, Alia; Nadarajah, Tharshanna"
6849,MATH323,W2024,A,MATH,https://www.mcgill.ca/study/2023-2024/courses/math-323,"Sajjad, Alia; Nadarajah, Tharshanna"
6850,MATH323,S2024,B-,MATH,https://www.mcgill.ca/study/2023-2024/courses/math-323,"Kelome, Djivede"
6851,MATH324,W2014,B,MATH,https://www.mcgill.ca/study/2013-2014/courses/math-324,"Asgharian-Dastenaei, Masoud"
6852,MATH324,W2015,B-,MATH,https://www.mcgill.ca/study/2014-2015/courses/math-324,"Steele, Russell"
6853,MATH324,F2015,C+,MATH,https://www.mcgill.ca/study/2015-2016/courses/math-324,"Neslehova, Johanna"
6854,MATH324,W2016,B-,MATH,https://www.mcgill.ca/study/2015-2016/courses/math-324,"Genest, Christian"
6855,MATH324,F2016,B-,MATH,https://www.mcgill.ca/study/2016-2017/courses/math-324,"Côté, Marie-Pier"
6856,MATH324,W2017,B-,MATH,https://www.mcgill.ca/study/2016-2017/courses/math-324,"Asgharian-Dastenaei, Masoud"
6857,MATH324,F2017,B+,MATH,https://www.mcgill.ca/study/2017-2018/courses/math-324,"Khalili Mahmoudabadi, Abbas"
6858,MATH324,W2018,B,MATH,https://www.mcgill.ca/study/2017-2018/courses/math-324,"Asgharian-Dastenaei, Masoud"
6859,MATH324,F2018,B,MATH,https://www.mcgill.ca/study/2018-2019/courses/math-324,"Khalili Mahmoudabadi, Abbas"
6860,MATH324,W2019,B,MATH,https://www.mcgill.ca/study/2018-2019/courses/math-324,"Asgharian-Dastenaei, Masoud"
6861,MATH324,F2019,B+,MATH,https://www.mcgill.ca/study/2019-2020/courses/math-324,"Asgharian-Dastenaei, Masoud"
6862,MATH324,F2020,A-,MATH,https://www.mcgill.ca/study/2020-2021/courses/math-324,"Asgharian, Masoud"
6863,MATH324,W2021,A-,MATH,https://www.mcgill.ca/study/2020-2021/courses/math-324,"Yang, Yi"
6864,MATH324,F2021,A-,MATH,https://www.mcgill.ca/study/2021-2022/courses/math-324,"Yang, Archer Yi"
6865,MATH324,W2022,B+,MATH,https://www.mcgill.ca/study/2021-2022/courses/math-324,"Yang, Archer Yi"
6866,MATH324,F2022,B+,MATH,https://www.mcgill.ca/study/2022-2023/courses/math-324,"Nadarajah, Tharshanna"
6867,MATH324,W2023,B+,MATH,https://www.mcgill.ca/study/2022-2023/courses/math-324,"Nadarajah, Tharshanna"
6868,MATH324,F2023,B+,MATH,https://www.mcgill.ca/study/2023-2024/courses/math-324,"Nadarajah, Tharshanna"
6869,MATH324,W2024,B+,MATH,https://www.mcgill.ca/study/2023-2024/courses/math-324,"Russell, Oliver"
6870,MATH325,F2014,B,MATH,https://www.mcgill.ca/study/2014-2015/courses/math-325,"Humphries, Antony Raymond"
6871,MATH325,W2015,B-,MATH,https://www.mcgill.ca/study/2014-2015/courses/math-325,"Roth, Charles"
6872,MATH325,W2016,B+,MATH,https://www.mcgill.ca/study/2015-2016/courses/math-325,"Humphries, Antony Raymond"
6873,MATH325,W2017,B+,MATH,https://www.mcgill.ca/study/2016-2017/courses/math-325,"Humphries, Antony Raymond"
6874,MATH325,W2018,B+,MATH,https://www.mcgill.ca/study/2017-2018/courses/math-325,"Humphries, Antony Raymond"
6875,MATH325,W2019,B+,MATH,https://www.mcgill.ca/study/2018-2019/courses/math-325,"Lessard, Jean-Philippe"
6876,MATH325,W2021,A-,MATH,https://www.mcgill.ca/study/2020-2021/courses/math-325,"Humphries, Tony"
6877,MATH325,W2022,B+,MATH,https://www.mcgill.ca/study/2021-2022/courses/math-325,"Gantumur, Tsog"
6878,MATH325,W2023,B,MATH,https://www.mcgill.ca/study/2022-2023/courses/math-325,"Humphries, Tony"
6879,MATH325,W2024,B,MATH,https://www.mcgill.ca/study/2023-2024/courses/math-325,"Humphries, Tony"
6880,MATH326,F2014,B+,MATH,https://www.mcgill.ca/study/2014-2015/courses/math-326,"Nave, Jean-Christophe"
6881,MATH326,F2015,B-,MATH,https://www.mcgill.ca/study/2015-2016/courses/math-326,"Nave, Jean-Christophe"
6882,MATH326,F2016,B+,MATH,https://www.mcgill.ca/study/2016-2017/courses/math-326,"Humphries, Antony Raymond"
6883,MATH326,F2017,B+,MATH,https://www.mcgill.ca/study/2017-2018/courses/math-326,"Humphries, Antony Raymond"
6884,MATH326,F2018,B+,MATH,https://www.mcgill.ca/study/2018-2019/courses/math-326,"Lessard, Jean-Philippe"
6885,MATH326,F2019,B+,MATH,https://www.mcgill.ca/study/2019-2020/courses/math-326,"Humphries, Antony Raymond"
6886,MATH326,F2020,A-,MATH,https://www.mcgill.ca/study/2020-2021/courses/math-326,"Nave, Jean-Christophe"
6887,MATH326,F2022,A-,MATH,https://www.mcgill.ca/study/2022-2023/courses/math-326,"Nave, Jean-Christophe"
6888,MATH326,F2023,B+,MATH,https://www.mcgill.ca/study/2023-2024/courses/math-326,"Humphries, Tony"
6889,MATH327,W2019,B+,MATH,https://www.mcgill.ca/study/2018-2019/courses/math-327,"Panayotov, Ivo"
6890,MATH327,W2023,A-,MATH,https://www.mcgill.ca/study/2022-2023/courses/math-327,"Panayotov, Ivo"
6891,MATH329,W2017,B,MATH,https://www.mcgill.ca/study/2016-2017/courses/math-329,"Beck, Nicholas"
6892,MATH329,W2018,A-,MATH,https://www.mcgill.ca/study/2017-2018/courses/math-329,"Panayotov, Ivo"
6893,MATH329,W2019,B+,MATH,https://www.mcgill.ca/study/2018-2019/courses/math-329,"Kelome, Djivede"
6894,MATH329,W2021,A-,MATH,https://www.mcgill.ca/study/2020-2021/courses/math-329,"Kelome, Djivede"
6895,MATH329,W2022,B-,MATH,https://www.mcgill.ca/study/2021-2022/courses/math-329,"Kelome, Djivede"
6896,MATH329,W2023,B-,MATH,https://www.mcgill.ca/study/2022-2023/courses/math-329,"Kelome, Djivede"
6897,MATH329,W2024,B-,MATH,https://www.mcgill.ca/study/2023-2024/courses/math-329,"Kelome, Djivede"
6898,MATH338,F2014,A-,MATH,https://www.mcgill.ca/study/2014-2015/courses/math-338,"Fox, Thomas F"
6899,MATH338,F2015,A-,MATH,https://www.mcgill.ca/study/2015-2016/courses/math-338,"Fox, Thomas F"
6900,MATH338,F2016,A-,MATH,https://www.mcgill.ca/study/2016-2017/courses/math-338,"Fox, Thomas F"
6901,MATH338,F2017,B+,MATH,https://www.mcgill.ca/study/2017-2018/courses/math-338,"Fox, Thomas F"
6902,MATH338,F2018,B+,MATH,https://www.mcgill.ca/study/2018-2019/courses/math-338,"Fox, Thomas F"
6903,MATH338,F2019,A-,MATH,https://www.mcgill.ca/study/2019-2020/courses/math-338,"Fox, Thomas F; Hurtubise, Jacques Claude"
6904,MATH338,F2020,A,MATH,https://www.mcgill.ca/study/2020-2021/courses/math-338,"FOX, THOMAS; Hurtubise, Jacques Claude"
6905,MATH338,F2021,A-,MATH,https://www.mcgill.ca/study/2021-2022/courses/math-338,"Kamran, Niky"
6906,MATH338,F2022,B,MATH,https://www.mcgill.ca/study/2022-2023/courses/math-338,"Fortier, Jérôme"
6907,MATH338,F2023,A-,MATH,https://www.mcgill.ca/study/2023-2024/courses/math-338,"Fortier, Jérôme"
6908,MATH340,W2014,B+,MATH,https://www.mcgill.ca/study/2013-2014/courses/math-340,"Vetta, Adrian Roshan"
6909,MATH340,W2017,B-,MATH,https://www.mcgill.ca/study/2016-2017/courses/math-340,"Norin, Sergey"
6910,MATH340,W2018,B-,MATH,https://www.mcgill.ca/study/2017-2018/courses/math-340,"Norin, Sergey"
6911,MATH340,W2019,B,MATH,https://www.mcgill.ca/study/2018-2019/courses/math-340,"Fortier, Jerome"
6912,MATH340,W2021,A-,MATH,https://www.mcgill.ca/study/2020-2021/courses/math-340,"Fortier, Jérôme"
6913,MATH340,W2022,B+,MATH,https://www.mcgill.ca/study/2021-2022/courses/math-340,"Fortier, Jérôme"
6914,MATH340,W2023,B,MATH,https://www.mcgill.ca/study/2022-2023/courses/math-340,"Norin, Sergey"
6915,MATH340,W2024,B,MATH,https://www.mcgill.ca/study/2023-2024/courses/math-340,"Norin, Sergey"
6916,MATH348,F2016,B,MATH,https://www.mcgill.ca/study/2016-2017/courses/math-348,"Przytycki, Piotr"
6917,MATH348,F2017,B+,MATH,https://www.mcgill.ca/study/2017-2018/courses/math-348,"Fox, Thomas F"
6918,MATH348,F2020,A,MATH,https://www.mcgill.ca/study/2020-2021/courses/math-348,"Kamran, Niky"
6919,MATH348,F2022,C+,MATH,https://www.mcgill.ca/study/2022-2023/courses/math-348,"Przytycki, Piotr"
6920,MATH348,F2023,B-,MATH,https://www.mcgill.ca/study/2023-2024/courses/math-348,"Przytycki, Piotr"
6921,MATH350,F2017,B+,MATH,https://www.mcgill.ca/study/2017-2018/courses/math-350,"Volec, Jan"
6922,MATH350,F2018,B+,MATH,https://www.mcgill.ca/study/2018-2019/courses/math-350,"Vetta, Adrian Roshan"
6923,MATH350,F2019,B,MATH,https://www.mcgill.ca/study/2019-2020/courses/math-350,"Norin, Sergey"
6924,MATH350,F2020,A-,MATH,https://www.mcgill.ca/study/2020-2021/courses/math-350,"Norin, Sergey"
6925,MATH350,F2021,B-,MATH,https://www.mcgill.ca/study/2021-2022/courses/math-350,"Norin, Sergey"
6926,MATH350,F2022,B-,MATH,https://www.mcgill.ca/study/2022-2023/courses/math-350,"Norin, Sergey"
6927,MATH350,F2023,B,MATH,https://www.mcgill.ca/study/2023-2024/courses/math-350,"Norin, Sergey"
6928,MATH356,F2015,B-,MATH,https://www.mcgill.ca/study/2015-2016/courses/math-356,"Khalili Mahmoudabadi, Abbas"
6929,MATH356,F2016,B+,MATH,https://www.mcgill.ca/study/2016-2017/courses/math-356,"Chen, Linan"
6930,MATH356,F2017,B+,MATH,https://www.mcgill.ca/study/2017-2018/courses/math-356,"Chen, Linan"
6931,MATH356,F2018,A-,MATH,https://www.mcgill.ca/study/2018-2019/courses/math-356,"Chen, Linan"
6932,MATH356,F2019,B,MATH,https://www.mcgill.ca/study/2019-2020/courses/math-356,"Khalili Mahmoudabadi, Abbas"
6933,MATH356,F2020,A,MATH,https://www.mcgill.ca/study/2020-2021/courses/math-356,"Chen, Linan"
6934,MATH356,F2021,B+,MATH,https://www.mcgill.ca/study/2021-2022/courses/math-356,"Paquette, Elliot"
6935,MATH356,F2022,B,MATH,https://www.mcgill.ca/study/2022-2023/courses/math-356,"Paquette, Elliot"
6936,MATH356,F2023,B,MATH,https://www.mcgill.ca/study/2023-2024/courses/math-356,"Addario-Berry, Louigi"
6937,MATH357,W2017,B,MATH,https://www.mcgill.ca/study/2016-2017/courses/math-357,"Wolfson, David B"
6938,MATH357,W2021,A-,MATH,https://www.mcgill.ca/study/2020-2021/courses/math-357,"Neslehova, Johanna"
6939,MATH357,W2022,B+,MATH,https://www.mcgill.ca/study/2021-2022/courses/math-357,"Neslehova, Johanna"
6940,MATH357,W2024,A-,MATH,https://www.mcgill.ca/study/2023-2024/courses/math-357,"Asgharian, Masoud"
6941,MATH358,W2021,A-,MATH,https://www.mcgill.ca/study/2020-2021/courses/math-358,"Guan, Pengfei"
6942,MATH358,W2024,A-,MATH,https://www.mcgill.ca/study/2023-2024/courses/math-358,"Toth, John A"
6943,MATH363,W2015,B-,MATH,https://www.mcgill.ca/study/2014-2015/courses/math-363,"Wise, Daniel"
6944,MATH363,W2016,A-,MATH,https://www.mcgill.ca/study/2015-2016/courses/math-363,"Eslava Fernández, Laura"
6945,MATH363,W2017,B+,MATH,https://www.mcgill.ca/study/2016-2017/courses/math-363,"Ortmann, Janosch"
6946,MATH381,F2014,A-,MATH,https://www.mcgill.ca/study/2014-2015/courses/math-381,"Kamran, Niky"
6947,MATH381,F2015,B,MATH,https://www.mcgill.ca/study/2015-2016/courses/math-381,"Kamran, Niky"
6948,MATH381,W2016,B,MATH,https://www.mcgill.ca/study/2015-2016/courses/math-381,"Nagel, Matthias"
6949,MATH381,F2016,A-,MATH,https://www.mcgill.ca/study/2016-2017/courses/math-381,"Kamran, Niky"
6950,MATH417,F2022,B,MATH,https://www.mcgill.ca/study/2022-2023/courses/math-417,"Paquette, Courtney"
6951,MATH423,F2014,A-,MATH,https://www.mcgill.ca/study/2014-2015/courses/math-423,"Stephens, David"
6952,MATH423,F2018,A-,MATH,https://www.mcgill.ca/study/2018-2019/courses/math-423,"Yang, Yi"
6953,MATH423,F2019,A-,MATH,https://www.mcgill.ca/study/2019-2020/courses/math-423,"Yang, Yi"
6954,MATH423,F2020,A,MATH,https://www.mcgill.ca/study/2020-2021/courses/math-423,"Yang, Yi"
6955,MATH423,F2021,A,MATH,https://www.mcgill.ca/study/2021-2022/courses/math-423,"Yang, Archer Yi"
6956,MATH423,F2022,A-,MATH,https://www.mcgill.ca/study/2022-2023/courses/math-423,"Nadarajah, Tharshanna"
6957,MATH423,F2023,A-,MATH,https://www.mcgill.ca/study/2023-2024/courses/math-423,"Nadarajah, Tharshanna"
6958,MATH430,W2018,B-,MATH,https://www.mcgill.ca/study/2017-2018/courses/math-430,"Kelome, Djivede"
6959,MATH447,W2015,B-,MATH,https://www.mcgill.ca/study/2014-2015/courses/math-447,"Wolfson, David B"
6960,MATH447,W2017,B,MATH,https://www.mcgill.ca/study/2016-2017/courses/math-447,"Wolfson, David B"
6961,MATH447,W2018,B+,MATH,https://www.mcgill.ca/study/2017-2018/courses/math-447,"Steele, Russell"
6962,MATH447,W2019,A-,MATH,https://www.mcgill.ca/study/2018-2019/courses/math-447,"Steele, Russell"
6963,MATH447,W2021,B+,MATH,https://www.mcgill.ca/study/2020-2021/courses/math-447,"Paquette, Elliot"
6964,MATH447,W2022,B-,MATH,https://www.mcgill.ca/study/2021-2022/courses/math-447,"Paquette, Elliot"
6965,MATH447,W2023,B-,MATH,https://www.mcgill.ca/study/2022-2023/courses/math-447,"Addario-Berry, Louigi Dana"
6966,MATH447,W2024,A-,MATH,https://www.mcgill.ca/study/2023-2024/courses/math-447,"Collins-Woodfin, Elizabeth"
6967,MATH454,F2015,A-,MATH,https://www.mcgill.ca/study/2015-2016/courses/math-454,"Drury, Stephen W"
6968,MATH454,F2016,B+,MATH,https://www.mcgill.ca/study/2016-2017/courses/math-454,"Radziwill, Maksym"
6969,MATH454,F2017,B,MATH,https://www.mcgill.ca/study/2017-2018/courses/math-454,"Bruneau, Laurent"
6970,MATH454,F2018,A,MATH,https://www.mcgill.ca/study/2018-2019/courses/math-454,"Jakobson, Dmitry"
6971,MATH454,F2019,B+,MATH,https://www.mcgill.ca/study/2019-2020/courses/math-454,"Vetois, Jerome"
6972,MATH454,F2020,A-,MATH,https://www.mcgill.ca/study/2020-2021/courses/math-454,"Vetois, Jerome"
6973,MATH454,F2021,A-,MATH,https://www.mcgill.ca/study/2021-2022/courses/math-454,"Tosatti, Valentino"
6974,MATH454,F2022,B+,MATH,https://www.mcgill.ca/study/2022-2023/courses/math-454,"Jaksic, Vojkan"
6975,MATH454,F2023,B,MATH,https://www.mcgill.ca/study/2023-2024/courses/math-454,"Vetois, Jerome"
6976,MATH455,W2016,B+,MATH,https://www.mcgill.ca/study/2015-2016/courses/math-455,"Drury, Stephen W"
6977,MATH455,W2021,A-,MATH,https://www.mcgill.ca/study/2020-2021/courses/math-455,"Jakobson, Dmitry"
6978,MATH455,W2023,B+,MATH,https://www.mcgill.ca/study/2022-2023/courses/math-455,"Jaksic, Vojkan"
6979,MATH455,W2024,A,MATH,https://www.mcgill.ca/study/2023-2024/courses/math-455,"Jakobson, Dmitry"
6980,MATH456,F2016,B+,MATH,https://www.mcgill.ca/study/2016-2017/courses/math-456,"Goren, Eyal Z"
6981,MATH456,F2017,B-,MATH,https://www.mcgill.ca/study/2017-2018/courses/math-456,"Goren, Eyal Z"
6982,MATH456,F2019,A-,MATH,https://www.mcgill.ca/study/2019-2020/courses/math-456,"Pichot, Michael"
6983,MATH456,F2020,A-,MATH,https://www.mcgill.ca/study/2020-2021/courses/math-456,"Goren, Eyal Z"
6984,MATH456,F2021,A-,MATH,https://www.mcgill.ca/study/2021-2022/courses/math-456,"Goren, Eyal Z"
6985,MATH456,F2022,B+,MATH,https://www.mcgill.ca/study/2022-2023/courses/math-456,"Allen, Patrick"
6986,MATH456,F2023,B+,MATH,https://www.mcgill.ca/study/2023-2024/courses/math-456,"Darmon, Henri"
6987,MATH457,W2021,A-,MATH,https://www.mcgill.ca/study/2020-2021/courses/math-457,"Pichot, Michael"
6988,MATH457,W2023,B,MATH,https://www.mcgill.ca/study/2022-2023/courses/math-457,"Allen, Patrick"
6989,MATH458,W2018,B+,MATH,https://www.mcgill.ca/study/2017-2018/courses/math-458,"Hurtubise, Jacques Claude"
6990,MATH458,W2019,A-,MATH,https://www.mcgill.ca/study/2018-2019/courses/math-458,"Hurtubise, Jacques Claude"
6991,MATH458,W2021,A,MATH,https://www.mcgill.ca/study/2020-2021/courses/math-458,"Kamran, Niky"
6992,MATH458,W2023,A-,MATH,https://www.mcgill.ca/study/2022-2023/courses/math-458,"Kamran, Niky"
6993,MATH458,W2024,B+,MATH,https://www.mcgill.ca/study/2023-2024/courses/math-458,"Kamran, Niky"
6994,MATH475,F2016,B+,MATH,https://www.mcgill.ca/study/2016-2017/courses/math-475,"Choksi, Rustum"
6995,MATH475,F2017,B+,MATH,https://www.mcgill.ca/study/2017-2018/courses/math-475,"Choksi, Rustum"
6996,MATH475,F2018,B+,MATH,https://www.mcgill.ca/study/2018-2019/courses/math-475,"Choksi, Rustum"
6997,MATH475,F2019,B+,MATH,https://www.mcgill.ca/study/2019-2020/courses/math-475,"Lin, Jessica"
6998,MATH475,F2020,A,MATH,https://www.mcgill.ca/study/2020-2021/courses/math-475,"Lin, Jessica"
6999,MATH475,F2021,B+,MATH,https://www.mcgill.ca/study/2021-2022/courses/math-475,"Lin, Jessica"
7000,MATH475,F2022,B+,MATH,https://www.mcgill.ca/study/2022-2023/courses/math-475,"Choksi, Rustum"
7001,MATH475,F2023,B,MATH,https://www.mcgill.ca/study/2023-2024/courses/math-475,"Martine, Gabriel"
7002,MATH523,W2016,B+,MATH,https://www.mcgill.ca/study/2015-2016/courses/math-523,"Neslehova, Johanna"
7003,MATH523,W2019,B+,MATH,https://www.mcgill.ca/study/2018-2019/courses/math-523,"Neslehova, Johanna"
7004,MATH523,W2022,B+,MATH,https://www.mcgill.ca/study/2021-2022/courses/math-523,"Neslehova, Johanna"
7005,MATH523,W2023,A-,MATH,https://www.mcgill.ca/study/2022-2023/courses/math-523,"Chatelain, Simon"
7006,MATH523,W2024,A-,MATH,https://www.mcgill.ca/study/2023-2024/courses/math-523,"Steele, Russell"
7007,MATH524,F2020,A-,MATH,https://www.mcgill.ca/study/2020-2021/courses/math-524,"Wolfson, David B"
7008,MATH524,F2022,B+,MATH,https://www.mcgill.ca/study/2022-2023/courses/math-524,"Neslehova, Johanna"
7009,MATH525,W2019,A-,MATH,https://www.mcgill.ca/study/2018-2019/courses/math-525,"Steele, Russell"
7010,MATH525,W2021,A,MATH,https://www.mcgill.ca/study/2020-2021/courses/math-525,"Steele, Russell"
7011,MATH525,W2023,A,MATH,https://www.mcgill.ca/study/2022-2023/courses/math-525,"Yang, Archer Yi"
7012,MATH525,W2024,B+,MATH,https://www.mcgill.ca/study/2023-2024/courses/math-525,"Dagdoug, Mehdi"
7013,MATH533,F2021,B+,MATH,https://www.mcgill.ca/study/2021-2022/courses/math-533,"Khalili Mahmoudabadi, Abbas"
7014,MATH533,F2023,A-,MATH,https://www.mcgill.ca/study/2023-2024/courses/math-533,"Dagdoug, Mehdi"
7015,MATH545,W2022,B,MATH,https://www.mcgill.ca/study/2021-2022/courses/math-545,"Nadarajah, Tharshanna"
7016,MATH556,F2019,B+,MATH,https://www.mcgill.ca/study/2019-2020/courses/math-556,"Stephens, David"
7017,MATH556,F2021,B,MATH,https://www.mcgill.ca/study/2021-2022/courses/math-556,"Khalili Mahmoudabadi, Abbas"
7018,MATH556,F2022,B+,MATH,https://www.mcgill.ca/study/2022-2023/courses/math-556,"Stephens, David"
7019,MATH556,F2023,A-,MATH,https://www.mcgill.ca/study/2023-2024/courses/math-556,"Asgharian, Masoud"
7020,MATH557,W2024,A,MATH,https://www.mcgill.ca/study/2023-2024/courses/math-557,"Asgharian, Masoud"
7021,MATH558,W2022,A-,MATH,https://www.mcgill.ca/study/2021-2022/courses/math-558,"Sajjad, Alia"
7022,MATH558,W2023,A,MATH,https://www.mcgill.ca/study/2022-2023/courses/math-558,"Sajjad, Alia"
7023,MATH558,W2024,A-,MATH,https://www.mcgill.ca/study/2023-2024/courses/math-558,"Sajjad, Alia"
7024,MATH559,F2023,B+,MATH,https://www.mcgill.ca/study/2023-2024/courses/math-559,"Stephens, David"
7025,MATH576,F2023,A-,MATH,https://www.mcgill.ca/study/2023-2024/courses/math-576,"Kamnitzer, Joel"
7026,MATH577,W2024,B+,MATH,https://www.mcgill.ca/study/2023-2024/courses/math-577,"Kamnitzer, Joel"
